region,seed,team,record,wins,losses,win_pct,SRS,SOS,FG%,3P%,FT%,ORB,TRB,AST,STL,BLK,TOV,PF,Tm.,Opp.,Pace,ORtg,eFG%,TOV%,ORB%,FT/FGA,FTr,3PAr,TS%,TRB%,AST%,STL%,BLK%,bt_rank,bt_Conf,bt_AdjOE,bt_oe Rank,bt_AdjDE,bt_de Rank,bt_Barthag,bt_rank.1,bt_proj. W,bt_Proj. L,bt_Pro Con W,bt_Pro Con L,bt_sos,bt_ncsos,bt_consos,bt_Proj. SOS,bt_Proj. Noncon SOS,bt_Proj. Con SOS,bt_elite SOS,bt_elite noncon SOS,bt_Opp OE,bt_Opp DE,bt_Opp Proj. OE,bt_Opp Proj DE,bt_Con Adj OE,bt_Con Adj DE,bt_Qual O,bt_Qual D,bt_Qual Barthag,bt_Qual Games,bt_FUN,bt_ConPF,bt_ConPA,bt_ConPoss,bt_ConOE,bt_ConDE,bt_ConSOSRemain,bt_Conf Win%,bt_WAB,bt_WAB Rk,bt_Fun Rk,bt_AdjTempo,pts_margin,SRS_sq,efg_above_avg
East,1,Duke,32-2,32.0,2.0,0.9411764705882353,31.55,12.41,0.49,0.351,0.724,424,1370,576,265,111,358,534,2798,2147,67.1,122.6,0.568,13.3,38.1,0.273,0.378,0.444,0.597,57.8,59.2,11.6,10.4,1,ACC,128.09884890415634,4,90.7078371967597,1,0.9814638501244362,1,32.984712453698684,2.015287546301317,17.0,1.0,0.7410946073247703,0.6260550393873434,0.7995523672238998,0.732810733706162,0.6260550393873434,0.7995523672238998,0.6240935502092653,0.6342312302107563,116.5186360595304,102.90330662651208,116.24755428302076,103.07379725609334,129.22819433070697,90.81883393703248,128.2199983875736,89.12106312499868,0.9849786277339664,19.0,0.0699068355946412,1457.0,1123.0,1174.9625,1.2400395757311404,0.9557751843143932,0.0,0.9444444444444444,13.612638589666409,2,39,65.79093324297072,651,995.4025,0.024921874999999982
East,16,Siena,23-11,23.0,11.0,0.6764705882352942,-4.34,-9.19,0.457,0.304,0.769,346,1170,456,197,106,351,467,2398,2233,64.3,109.3,0.506,13.8,31.9,0.263,0.342,0.319,0.548,52.1,53.0,9.0,9.1,189,MAAC,107.03077367907537,199,108.87047887396037,177,0.4511590197350887,189,23.015287546301316,11.984712453698684,13.0,7.0,0.2944262876461279,0.3234258119570657,0.2696495813996405,0.3140559322902796,0.3234258119570657,0.2696495813996405,0.9099560326204538,0.8959323490579565,102.63216037350996,112.04949333992104,103.35978004640914,111.43973173542209,109.2594122002796,111.64598619331434,91.49221811703532,106.3400003138245,0.150657011719336,1.0,0.0174528826517965,1448.0,1327.0,1282.1625,1.1293420295789338,1.0349702163337329,0.0,0.65,-7.8320779615834,152,131,64.61554892151379,165,18.8356,-0.03707812499999996
East,8,Ohio St.,21-12,21.0,12.0,0.6363636363636364,19.06,12.06,0.493,0.36,0.775,307,1097,474,161,79,343,584,2633,2402,66.5,118.6,0.565,13.6,30.8,0.293,0.378,0.401,0.603,51.6,52.0,7.2,7.0,23,B10,125.14094454930488,14,101.4634475776783,48,0.9177403306635328,23,21.6847716261132,12.3152283738868,12.0,8.0,0.7275750736318155,0.4906794082746886,0.8362544677198119,0.7307941425939959,0.4906794082746886,0.8362544677198119,0.6209068426121578,0.8162444620941173,116.5357522854142,102.98072396353088,116.48346447007184,102.87947783131938,127.3832831363682,102.64453092606368,125.59359263468409,101.11684254559796,0.9236430855818129,17.0,-0.0191257880970405,1559.0,1499.0,1318.85,1.1820904575956326,1.1365962770595597,0.0,0.6,2.8592769991826277,32,225,66.1463219295998,231,363.2836,0.02192187499999998
East,9,TCU,22-11,22.0,11.0,0.6666666666666666,15.75,9.51,0.448,0.331,0.708,410,1194,516,254,150,361,538,2584,2378,69.7,111.1,0.509,13.2,34.4,0.274,0.387,0.369,0.546,51.9,57.6,10.9,12.6,49,B12,114.75796661664172,83,99.53835541653756,30,0.8370234198850979,49,22.3152283738868,11.6847716261132,11.0,7.0,0.6723706813594037,0.4276253308128236,0.8302877364691,0.6795874357585552,0.4276253308128236,0.8302877364691,0.6553094352525591,0.7984244317119825,114.53612284355144,104.64539169040712,114.8480293649872,104.5518050984884,115.19550653026153,99.30815180344658,117.09504791428807,93.09779407523312,0.9332275281288668,13.0,0.0919170438619692,1372.0,1371.0,1268.1124999999995,1.0819229366479712,1.0811343630789858,0.0,0.6111111111111112,2.321749549863484,35,14,67.55517470104667,206,248.0625,-0.03407812499999996
East,5,St. John's,28-6,28.0,6.0,0.8235294117647058,22.42,10.83,0.454,0.332,0.727,445,1314,553,269,166,356,588,2773,2379,71.0,114.5,0.51,12.4,35.9,0.305,0.419,0.338,0.552,52.9,58.2,11.1,12.4,15,BE,119.69485214159354,43,93.98245064753542,10,0.9416476572905808,15,28.82349901269534,6.176500987304661,18.0,2.0,0.7289994953668302,0.6154318556972695,0.774949028417176,0.7303343641245892,0.6154318556972695,0.774949028417176,0.6893681484285378,0.7404693237189398,114.85873076426476,103.4321231230597,114.71179409271704,103.2910201397574,119.24974601238242,95.17630357619416,124.02493621651902,96.74169745210152,0.94568137330632,11.0,0.0427808779825004,1587.0,1393.0,1401.6375,1.1322471038339086,0.993837564990948,0.0,0.9,7.191712174023222,15,81,69.59099539717742,394,502.6564000000001,-0.03307812499999996
East,12,Northern Iowa,23-12,23.0,12.0,0.6571428571428571,8.49,1.49,0.477,0.355,0.699,240,1118,526,226,109,327,534,2447,2144,63.7,109.1,0.548,13.2,22.1,0.179,0.256,0.399,0.568,49.2,57.4,10.1,9.9,68,MVC,109.71594730847713,150,98.49351866397252,25,0.7757199036544629,68,23.17650098730466,12.823499012695338,11.0,9.0,0.5071118681092319,0.4511522790369063,0.534346483584409,0.5191823067206854,0.4511522790369063,0.534346483584409,0.8452869562640876,0.853838545930386,108.82585379211729,107.89168406586433,109.13639660433152,107.49427739498832,106.9594219142884,99.30540129565904,109.46466658856514,89.09548094163362,0.914336500304095,1.0,-0.074787722422755,1354.0,1252.0,1261.4875,1.0733360417760778,0.992479116915546,0.0,0.55,-5.343402912836331,106,341,62.16217728032267,303,72.0801,0.0049218750000000755
East,4,Kansas,23-10,23.0,10.0,0.696969696969697,21.1,14.86,0.453,0.35,0.767,334,1282,471,181,189,352,474,2496,2290,68.2,110.0,0.516,13.5,29.5,0.25,0.326,0.357,0.555,51.5,53.3,8.0,15.6,22,B12,117.72195825467244,58,94.26559246956714,11,0.9279359258552802,22,23.85301696160585,10.146983038394152,12.0,6.0,0.786702913354757,0.6909782153220358,0.8428044264425347,0.783838726643233,0.6909782153220358,0.8428044264425347,0.5897367160742377,0.6711557226080301,117.67254200881436,101.20832214257504,117.37086017652727,101.17935957405328,120.42089466408308,96.74609699914308,117.1587167561316,96.93215097180456,0.8983898398003192,18.0,0.0524890700708424,1385.0,1325.0,1251.4125,1.1067493732082747,1.0588035519862555,0.0,0.6666666666666666,6.208650156882824,18,64,67.59081944395966,206,445.21000000000004,-0.027078124999999953
East,13,Cal Baptist,25-8,25.0,8.0,0.7575757575757576,2.52,-2.93,0.432,0.337,0.719,458,1318,341,181,95,408,617,2410,2230,67.4,107.1,0.486,15.1,37.8,0.26,0.361,0.321,0.526,55.1,40.4,8.0,7.5,96,WAC,107.41535984989744,194,100.22359467536354,37,0.6893205717244717,96,25.14698303839415,8.853016961605848,13.0,5.0,0.4522086807343765,0.4476693383948644,0.4401851758012798,0.4662006585197019,0.4476693383948644,0.4401851758012798,0.8605846193708769,0.8516613485977815,106.6705465138666,108.85754687288184,106.9955880348225,108.4283717442196,106.8407649261282,99.33162866643922,94.17321544352929,111.54351627023502,0.12491271759419,1.0,0.0700967084629718,1281.0,1179.0,1214.8750000000002,1.0544294680522686,0.9704702129848748,0.0,0.7222222222222222,-2.3515233478011015,74,38,65.91461337034632,180,6.3504000000000005,-0.05707812499999998
East,6,Louisville,23-10,23.0,10.0,0.696969696969697,23.41,10.83,0.47,0.357,0.769,374,1269,564,227,110,384,608,2797,2382,71.0,119.4,0.564,14.1,32.9,0.257,0.335,0.528,0.599,53.7,59.5,9.7,9.2,17,ACC,123.95962906396848,19,98.0885346523201,23,0.9365519024040744,17,23.74266941263411,10.25733058736589,11.0,7.0,0.708266495244075,0.554085703197526,0.8013533628266554,0.712036780673875,0.554085703197526,0.8013533628266554,0.64721977782171,0.740103173717684,115.34547075935464,103.73166826240656,115.38576283609484,103.6593470622308,125.70110517421072,99.480671260169,120.82000394361906,101.75008922687452,0.878200097056432,16.0,-0.027900009383888,1481.0,1357.0,1260.2875,1.175128690874106,1.07673844261726,0.0,0.6111111111111112,3.938006405913668,26,243,69.70047411711157,415,548.0281,0.02092187499999998
East,11,South Florida,25-8,25.0,8.0,0.7575757575757576,13.29,2.6,0.439,0.332,0.744,511,1410,567,303,136,368,645,2895,2492,73.1,117.7,0.512,12.4,38.0,0.305,0.41,0.44,0.556,53.1,59.3,12.3,11.1,50,Amer,116.71540139472133,66,101.27274743150176,42,0.8364562005976589,50,25.25733058736589,8.74266941263411,15.0,3.0,0.5485614619086024,0.5392968291207171,0.5484314727197775,0.5599729454542335,0.5392968291207171,0.5484314727197775,0.8099677164176176,0.7907856974569499,110.66662141600112,107.85306788712256,111.0694398299512,107.55717294066685,117.3482393164782,102.3210975188919,113.69193394903192,93.00100861927102,0.9097137129550648,3.0,0.0125783652287395,1555.0,1354.0,1323.9749999999997,1.174493476085274,1.0226779206556018,0.0,0.8333333333333334,-0.2893140533958914,50,142,71.35736408914853,403,176.62409999999997,-0.031078124999999956
East,3,Michigan St.,25-7,25.0,7.0,0.78125,23.44,12.91,0.471,0.359,0.763,407,1275,591,164,131,368,521,2526,2189,66.8,117.3,0.536,14.4,38.5,0.276,0.362,0.364,0.575,58.5,67.0,7.6,13.3,12,B10,122.86755546658604,28,96.08104658031532,17,0.944171407595974,12,25.90614009178493,7.09385990821507,15.0,5.0,0.746974203042485,0.5799576668857314,0.8306167354701686,0.7436294855974079,0.5799576668857314,0.8306167354701686,0.6270005791918509,0.7633480210223226,118.49065111025952,103.91038265147918,118.27279771809935,103.97387470919504,123.35041641071248,95.12234168829949,123.60227508307985,94.14626401253214,0.9581343711453892,18.0,0.0613777244929583,1539.0,1368.0,1323.2625,1.1630345452999689,1.033808484711083,0.0,0.75,7.41505011364664,11,52,65.96659575096069,337,549.4336000000001,-0.007078124999999935
East,14,North Dakota St.,27-7,27.0,7.0,0.7941176470588235,2.5,-5.79,0.468,0.365,0.725,395,1239,528,283,97,366,499,2745,2366,68.5,116.1,0.545,13.2,33.3,0.223,0.308,0.419,0.573,53.5,53.9,12.0,9.0,115,Sum,111.3014893332048,122,106.00562040723896,120,0.6365985350165483,115,27.09385990821507,7.90614009178493,14.0,2.0,0.3392386161039158,0.370230320622374,0.3211319310329421,0.3565224101507859,0.370230320622374,0.3211319310329421,0.9097632731537872,0.9109825488678857,106.00892918942216,111.8906733411664,106.53576126113744,111.39662250458794,113.97465930390292,109.32311954243426,0.0,0.0,0.0,0.0,0.0492396010272427,1312.0,1136.0,1088.4375000000002,1.205397645707723,1.043697961527419,0.0,0.875,-3.4149706470789996,83,70,66.34185100296514,379,6.25,0.0019218750000000728
East,7,UCLA,23-11,23.0,11.0,0.6764705882352942,18.28,11.55,0.471,0.382,0.767,339,1098,555,223,99,302,582,2643,2414,65.7,117.0,0.539,11.6,31.1,0.254,0.331,0.359,0.576,49.6,59.4,9.9,9.4,25,B10,124.51810120749752,17,101.68402910438184,52,0.911305452535664,25,23.704450605831024,11.295549394168978,13.0,7.0,0.7139050969356712,0.4861660051086151,0.8193060745955641,0.7166992505510816,0.4861660051086151,0.8193060745955641,0.637560686459802,0.8020295917413864,116.2822206011565,103.46567153143891,116.3858270884032,103.52670722622028,124.97417496160854,102.53910749471872,125.01471870443372,105.13008460366068,0.8799735220225872,15.0,0.0199771729947089,1511.0,1445.0,1295.3625000000002,1.166468845593415,1.115517856970539,0.0,0.65,3.587525077834746,29,128,64.67334941988,229,334.15840000000003,-0.0040781249999999325
East,10,UCF,21-11,21.0,11.0,0.65625,13.3,10.8,0.466,0.362,0.74,396,1190,504,181,96,358,560,2591,2511,70.6,113.7,0.528,13.4,34.4,0.228,0.308,0.344,0.56,52.6,53.6,7.9,8.3,58,B12,119.90844768521151,39,105.6019208233268,113,0.8117004743447366,58,21.295549394168976,11.704450605831022,9.0,9.0,0.7096654469794419,0.4776263902718913,0.8394638419598575,0.7157757501683406,0.4776263902718913,0.8394638419598575,0.654725805386632,0.8501953713044067,114.55977385578088,103.04182063822586,114.86154135101368,103.0006754410763,121.36893757368205,105.850021735016,119.7661441107305,104.47186545146612,0.8279499423212009,13.0,0.1172290463381696,1406.0,1466.0,1271.6,1.1056936143441332,1.152878263604907,0.0,0.5,2.0655362692567074,37,7,69.09443395594214,80,176.89000000000001,-0.015078124999999942
East,2,UConn,29-5,29.0,5.0,0.8529411764705882,22.92,10.53,0.482,0.352,0.716,395,1243,625,234,179,380,612,2635,2214,66.0,116.5,0.553,14.3,35.7,0.215,0.3,0.403,0.578,54.2,65.0,10.3,15.2,9,BE,123.03923932083666,25,94.91357749538751,12,0.9518767621172636,9,29.96125994270949,5.038740057290509,17.0,3.0,0.7139485671339304,0.5823190220147828,0.7738942874617005,0.7062233625258122,0.5823190220147828,0.7738942874617005,0.6737255786856399,0.6503134967939274,114.59011759115754,103.506907201463,114.3683160210901,103.66253402223376,123.23204483143324,95.40955402034216,122.79555928112048,91.57989178453998,0.9668517408355348,11.0,0.0679800280490451,1554.0,1343.0,1335.8125,1.163336920413606,1.005380620408927,0.0,0.85,8.795611935183612,6,41,64.57106634467051,421,525.3264,0.00992187500000008
East,15,Furman,22-12,22.0,12.0,0.6470588235294118,-3.24,-6.14,0.476,0.327,0.69,370,1291,532,163,112,406,513,2600,2397,66.7,113.4,0.553,15.2,32.7,0.219,0.317,0.47,0.575,54.2,57.0,7.1,9.6,194,SC,106.82706261593296,202,108.95384594895008,184,0.4435664047079746,194,22.03874005729051,12.961259942709493,10.0,8.0,0.3175603633591098,0.3636573373032062,0.2798119948292404,0.3356836890576533,0.3636573373032062,0.2798119948292404,0.9150122914303208,0.9080153525591614,107.18766903158335,114.39804612879529,107.68303060557874,113.78915648200612,104.42067190309496,107.65819193741666,0.0,0.0,0.0,0.0,0.0063244234082227,1335.0,1265.0,1199.7875,1.1126970401008511,1.0543533750768364,0.0,0.5555555555555556,-8.75990770174605,173,158,65.82752514264571,203,10.497600000000002,0.00992187500000008
West,1,Arizona,32-2,32.0,2.0,0.9411764705882353,29.92,12.57,0.502,0.36,0.734,434,1446,576,266,144,368,544,2929,2339,71.3,120.3,0.551,12.9,38.1,0.315,0.429,0.268,0.588,57.3,55.4,10.9,10.8,3,B12,126.83987180305304,9,91.28748192945316,3,0.9777407163575806,3,32.988502934188645,2.0114970658113567,16.0,2.0,0.7384782586268003,0.5596257373834767,0.8380425683895594,0.7270398924252086,0.5596257373834767,0.8380425683895594,0.6218744721737773,0.7213143567808928,116.91614232773732,103.19017520322625,116.53375307517936,103.37785575990507,126.39681204638266,91.41986692567288,127.3996150021154,91.39108546196076,0.978544368513756,19.0,0.1000669336830486,1513.0,1265.0,1284.0875,1.178268614872429,0.9851353587664392,0.0,0.8888888888888888,13.606138100118663,3,12,70.01336071310018,590,895.2064000000001,0.007921875000000078
West,16,Long Island,24-10,24.0,10.0,0.7058823529411765,-4.96,-7.93,0.481,0.361,0.668,386,1190,464,266,183,442,599,2519,2418,68.1,108.3,0.533,16.4,34.3,0.232,0.347,0.29,0.557,51.3,49.7,11.4,13.9,239,BW,104.09866625425414,261,110.78352346431844,220,0.3283301454375492,239,10.0,22.0,6.0,14.0,0.4846500884968307,0.4954829417878048,0.4781503765222463,0.4846500884968307,0.4954829417878048,0.4781503765222463,0.8524718765837531,0.7978053198698868,108.15059815780516,107.10725822144995,108.15059815780516,107.10725822144995,104.03061726307268,109.37875868717838,85.09585861393657,103.54773034882425,0.0947538476277549,2.0,-0.0698277874635016,1498.0,1558.0,1453.5875,1.0305537162365526,1.0718309011325426,0.0,0.3,-15.797066402951282,313,336,68.40594375546016,101,24.6016,-0.010078124999999938
West,8,Villanova,24-8,24.0,8.0,0.75,16.3,9.93,0.457,0.353,0.694,369,1103,496,238,70,324,513,2469,2265,66.4,114.8,0.537,12.9,32.4,0.217,0.313,0.457,0.562,49.8,56.8,11.1,6.0,36,BE,119.50154200432138,45,100.4509116441485,38,0.8804913389364744,36,24.458072354475064,8.541927645524936,15.0,5.0,0.7068732303206855,0.5672130606803003,0.7812044084501597,0.7126370817591985,0.5672130606803003,0.7812044084501597,0.6927007386790002,0.7671840388165161,114.67172715903772,103.99191838238252,114.92625750269217,103.93005077490828,119.7263376667498,99.60081568260932,111.486418971145,97.46592578123403,0.8242772310338962,8.0,0.0838509941020156,1525.0,1440.0,1360.9,1.1205819678154163,1.058123300756852,0.0,0.75,3.889662593122051,27,20,64.93302790520046,204,265.69,-0.006078124999999934
West,9,Utah St.,28-6,28.0,6.0,0.8235294117647058,17.36,6.51,0.498,0.358,0.707,371,1176,599,299,99,360,642,2806,2392,68.5,120.0,0.572,13.3,33.3,0.267,0.378,0.412,0.599,51.3,60.5,12.8,8.8,28,MWC,123.07122862352816,24,101.95028722879404,54,0.897080329974193,28,28.541927645524936,6.458072354475064,15.0,5.0,0.6430312362021203,0.5135063685926066,0.6962275041601618,0.6498158106132287,0.5135063685926066,0.6962275041601618,0.7674126060744996,0.8450744185569046,112.43749563934756,105.24327079602512,112.64526171138218,105.10231905430648,125.46517130317064,104.03366396854744,121.58862084537782,101.47634101719984,0.8888851464441637,7.0,0.0546105166524567,1630.0,1453.0,1349.2499999999998,1.2080785621641654,1.0768945710579954,0.0,0.75,4.035290317881631,24,59,67.52235221634899,414,301.3696,0.028921874999999986
West,5,Wisconsin,24-10,24.0,10.0,0.7058823529411765,19.52,12.44,0.45,0.361,0.786,353,1207,543,193,105,304,584,2822,2581,68.8,118.8,0.545,11.1,29.4,0.251,0.319,0.526,0.582,50.5,57.3,8.1,8.5,21,B10,127.13359774006102,8,101.53224472215511,49,0.9299494837523784,21,24.85119622232835,10.148803777671649,14.0,6.0,0.7349315924971718,0.4978931720429608,0.8369909723877068,0.7339011216336324,0.4978931720429608,0.8369909723877068,0.6224518490998513,0.8309838841462547,117.2066253720362,103.16551640994206,117.16038783983556,103.28731803872692,129.45083491911933,102.37529277612104,125.40685644063473,101.71403361795213,0.9174411620527484,18.0,0.0278620974607677,1641.0,1555.0,1367.4625,1.200032907666572,1.137142700439683,0.0,0.7,5.34682443326012,19,109,68.68076092953832,241,381.0304,0.0019218750000000728
West,12,High Point,30-4,30.0,4.0,0.8823529411764706,6.76,-7.89,0.491,0.356,0.743,395,1237,554,370,130,318,634,3059,2389,71.8,124.5,0.566,11.1,33.1,0.322,0.433,0.42,0.603,51.5,53.6,15.1,11.4,92,BSth,115.58831170107558,74,107.42857344889732,149,0.6988651106439909,92,30.14880377767165,4.851196222328351,15.0,1.0,0.2782882412882259,0.2730730139619501,0.2825738988837103,0.2969071339338461,0.2730730139619501,0.2825738988837103,0.9328894304945802,0.947353033322882,103.19804073297018,112.51864718540452,103.94602688965298,112.17532210803525,114.62738673579176,107.77265002184096,0.0,0.0,0.0,0.0,0.0402003007743271,1382.0,1148.0,1147.0125,1.2048691709985724,1.0008609322043134,0.0,0.9375,-1.4551913978094968,64,84,69.87641730378432,670,45.697599999999994,0.02292187499999998
West,4,Arkansas,26-8,26.0,8.0,0.7647058823529411,22.43,12.57,0.5,0.389,0.747,375,1227,578,247,175,306,574,3058,2723,72.4,122.5,0.565,10.7,32.2,0.272,0.364,0.334,0.597,51.1,53.0,9.9,13.0,19,SEC,127.88074340177704,5,101.54169448156784,50,0.9341482632069528,19,26.89263657680892,8.107363423191082,13.0,5.0,0.7464012261302105,0.5789600521155337,0.8467200289148692,0.7430891432998015,0.5789600521155337,0.8467200289148692,0.6225211640293108,0.699899274876495,118.45378671654272,104.14246704683217,118.11760593950208,104.07680582111864,129.04759653513187,102.44832954014892,125.70256272445424,101.76863228605278,0.9190114382827276,16.0,0.074438363074334,1620.0,1506.0,1327.5249999999996,1.2203160015818917,1.1344419125816845,0.0,0.7222222222222222,7.485558437604004,9,29,70.9624039822431,335,503.1049,0.02192187499999998
West,13,Hawaii,24-8,24.0,8.0,0.75,4.85,-3.59,0.459,0.315,0.741,355,1257,439,212,130,431,571,2548,2231,72.1,109.6,0.522,16.1,32.3,0.318,0.429,0.401,0.566,54.5,51.1,9.1,10.1,118,BW,106.68745969103703,209,101.8443239843576,53,0.6304783356330015,118,24.10736342319108,8.892636576808918,14.0,6.0,0.3978567313750565,0.2678066089359966,0.4485381360450663,0.4141079899072868,0.2678066089359966,0.4485381360450663,0.8917367002420877,0.9348449192604258,105.7993998664346,109.7001182944719,106.51170127008388,109.4369433334386,107.80381782419842,103.86516557533186,0.0,0.0,0.0,0.0,0.0478291855625726,1578.0,1475.0,1461.9624999999996,1.0793710508990486,1.0089178073993008,0.0,0.7,-3.8430550544049833,86,71,69.56159977510887,317,23.522499999999997,-0.021078124999999948
West,6,BYU,23-11,23.0,11.0,0.6764705882352942,21.04,12.45,0.477,0.349,0.746,421,1302,459,245,151,369,536,2853,2561,70.5,118.7,0.547,13.0,34.6,0.255,0.342,0.398,0.58,52.8,45.4,10.2,11.9,33,B12,124.67027656617684,16,104.22474782209956,89,0.8869454360316745,33,23.56539146516585,11.434608534834153,9.0,9.0,0.7484795552440546,0.6045514503932494,0.8414867606294272,0.7516019640769247,0.6045514503932494,0.8414867606294272,0.6167617232285985,0.7401062248472191,115.89569184942997,101.94336349656764,116.10464706733563,102.0417436088368,124.98676688471772,107.67067976204731,125.65742632870368,102.91223457785134,0.9085745094223652,16.0,0.0826992327872366,1478.0,1483.0,1277.65,1.1568113333072438,1.160724768128987,0.0,0.5,4.492196682078393,22,21,69.76244746127469,292,442.68159999999995,0.003921875000000075
West,11,Texas,18-14,18.0,14.0,0.5625,16.17,10.3,0.486,0.353,0.752,384,1205,394,184,94,353,603,2681,2458,69.2,120.1,0.55,13.5,36.3,0.34,0.453,0.36,0.593,55.4,43.5,8.2,7.6,42,SEC,123.20912448533454,23,105.38666742450653,105,0.8577638645190658,42,19.43460853483415,14.565391465165847,9.0,9.0,0.6772930636781797,0.4102158633374149,0.8530581247652483,0.6834593098939792,0.4102158633374149,0.8530581247652483,0.6300986420174886,0.7715428941030885,116.30662508394552,105.055744951886,116.56006906670784,105.03056322217,126.35535543430348,106.69307607206795,124.59045920524063,104.20488724630894,0.8864256449843267,18.0,0.0049854427276524,1472.0,1455.0,1231.5875,1.1952053751763478,1.1814020522293385,0.0,0.5,-0.2599909654698455,49,160,67.02067345979273,223,261.4689000000001,0.006921875000000077
West,3,Gonzaga,30-3,30.0,3.0,0.9090909090909091,25.11,5.98,0.51,0.34,0.699,395,1317,605,281,122,319,555,2809,2178,70.4,120.5,0.563,11.7,34.8,0.217,0.311,0.31,0.585,55.4,56.7,12.1,11.4,11,WCC,120.30251172300304,37,93.90084523560992,9,0.945285400126241,11,30.93641039602075,3.0635896039792483,16.0,2.0,0.6286843419372186,0.6413163875955378,0.6111366759282114,0.6260716668960858,0.6413163875955378,0.6111366759282114,0.7527765667860363,0.7048401756218753,113.30504330134374,106.28171659207518,113.23228469674648,106.3705567203199,118.44948815590868,94.73030769358692,121.99503288824371,93.14696337564,0.9570048473164304,11.0,0.0787298812009597,1465.0,1177.0,1247.2875000000004,1.1745487708327067,0.9436477155427274,0.0,0.8888888888888888,7.3584320058613475,12,24,68.91813749264954,631,630.5120999999999,0.019921874999999978
West,14,Kennesaw St.,21-13,21.0,13.0,0.6176470588235294,0.13,-2.0,0.446,0.35,0.691,473,1371,485,241,180,404,680,2834,2586,72.4,114.2,0.522,13.7,36.6,0.301,0.436,0.434,0.557,53.3,51.6,9.7,14.3,145,CUSA,110.83125080873992,131,109.30228088740613,191,0.5398533938792475,145,21.06358960397925,13.936410396020753,10.0,10.0,0.4265192434732301,0.3028111312400389,0.4770388213445389,0.441341133631122,0.3028111312400389,0.4770388213445389,0.8754397055238986,0.8970017128227046,108.2960093791604,109.40732377201844,108.67121257412369,108.92274632075312,109.40771550015582,109.32218575844216,102.4759833821482,103.53986040387304,0.4703412822561357,1.0,0.014974102048809,1535.0,1522.0,1394.6499999999996,1.1006345678127132,1.0913132327107162,0.0,0.5,-7.920745335770141,154,134,71.25313117675273,248,0.016900000000000002,-0.021078124999999948
West,7,Miami (FL),25-8,25.0,8.0,0.7575757575757576,18.04,7.28,0.501,0.347,0.685,404,1231,531,260,112,370,510,2704,2349,69.3,118.2,0.556,13.7,37.0,0.257,0.375,0.317,0.581,55.6,53.7,11.4,10.0,35,ACC,121.020429388006,34,101.36245113158589,44,0.8847754945442394,35,25.570839721826744,8.429160278173256,13.0,5.0,0.6396456091032365,0.4104984782794811,0.771806702512151,0.6459016977486168,0.4104984782794811,0.771806702512151,0.7040209788052006,0.8333578081443374,113.1821726865462,105.74897543485504,113.37986451651452,105.66663923608384,121.59339037142634,102.11480146246151,120.47731874616564,100.76903392184224,0.8863763177475722,11.0,0.0744353656386092,1401.0,1312.0,1214.9125,1.1531694669369197,1.0799131624705485,0.0,0.7222222222222222,3.7912749113176423,28,30,67.91664494432756,355,325.4416,0.012921875000000083
West,10,Missouri,20-12,20.0,12.0,0.625,13.08,8.77,0.49,0.35,0.686,371,1139,452,213,111,396,564,2549,2411,68.4,115.6,0.553,15.3,35.5,0.291,0.425,0.36,0.582,52.6,50.6,9.7,10.4,46,SEC,119.90369492643828,40,102.94954465838028,68,0.8523526235558858,46,20.429160278173256,12.570839721826744,10.0,8.0,0.6777526879646004,0.4131350281928884,0.8570435230606862,0.684026106353614,0.4131350281928884,0.8570435230606862,0.6553810034911413,0.823497149567163,115.6885963197458,105.63727225327436,115.85016701921278,105.50773221896748,120.67659086444434,101.31499850807852,117.44946822837792,102.94334751829764,0.8199542797546842,14.0,0.0386092412877397,1388.0,1404.0,1231.9499999999996,1.1266691018304318,1.1396566419091687,0.0,0.5555555555555556,1.1230348671656822,42,88,66.37325168726622,138,171.0864,0.00992187500000008
West,2,Purdue,27-8,27.0,8.0,0.7714285714285715,25.64,14.13,0.499,0.379,0.743,395,1240,697,194,97,310,514,2858,2455,65.3,124.7,0.576,11.5,36.3,0.213,0.286,0.409,0.601,55.5,66.8,8.5,8.9,8,B10,133.2657439086656,1,100.14538550923189,36,0.963938635359956,8,27.971500049415457,8.028499950584548,13.0,7.0,0.7795805063051879,0.6209084082483053,0.8420375364025212,0.7701342233862501,0.6209084082483053,0.8420375364025212,0.5956089372748521,0.724136047606052,118.32051936424952,102.43006757483391,118.21680164318498,102.83576202106228,132.1400273464618,101.76022458206351,135.06759974180207,100.06037845163702,0.969231690613355,20.0,0.0030295904375853,1596.0,1455.0,1300.375,1.2273382678073632,1.1189080073055848,0.0,0.65,9.143874359823212,4,164,64.42460579280781,403,657.4096000000001,0.03292187499999999
West,15,Queens (N.C.),21-13,21.0,13.0,0.6176470588235294,-3.3,-4.97,0.482,0.36,0.739,348,1149,541,201,100,363,675,2886,2820,71.0,118.7,0.567,13.1,30.2,0.277,0.374,0.47,0.599,48.9,54.8,8.3,7.9,198,ASun,114.58668141768965,84,117.03506762667224,316,0.4395143218139627,198,21.028499950584543,13.971500049415452,13.0,5.0,0.3827810840961221,0.519996561698678,0.2758960719451673,0.3993855855618886,0.519996561698678,0.2758960719451673,0.8417315725212586,0.7191842753880647,108.63704457849234,113.19069639008325,109.36141808838182,112.80701077579477,114.18696919919256,116.0369788194718,109.96426757856548,122.88988153940863,0.2178854223607965,4.0,0.0492428506407216,1554.0,1424.0,1264.5625,1.228883507141798,1.1260811545494984,0.0,0.7222222222222222,-7.010477650203323,136,69,69.49114950809492,66,10.889999999999999,0.02392187499999998
South,1,Florida,26-7,26.0,7.0,0.7878787878787878,27.9,13.11,0.478,0.308,0.71,532,1499,549,221,167,394,586,2864,2376,72.5,119.8,0.535,13.5,43.2,0.277,0.391,0.371,0.568,59.5,54.0,9.2,12.4,4,SEC,126.03114163528738,11,92.19345058416056,4,0.9732825962584956,4,26.990141625658257,7.009858374341742,16.0,2.0,0.757719811414871,0.616152269393685,0.8421056176334157,0.7432623191576762,0.616152269393685,0.8421056176334157,0.6173358240464201,0.683326514197992,118.54553665439528,104.17505090305512,118.03551869590736,104.36212022444948,129.510524591506,91.65049400654613,127.69286645248935,92.9090229184442,0.9748415724409588,19.0,-0.0339098631149524,1613.0,1307.0,1303.2875,1.2376394310541612,1.0028485656464905,0.0,0.8888888888888888,8.480105204444332,7,253,70.38543100640098,488,778.41,-0.008078124999999936
South,16,Prairie View A&M,18-17,18.0,17.0,0.5142857142857142,-12.74,-9.93,0.443,0.334,0.753,352,1189,418,278,163,417,670,2761,2662,73.8,106.4,0.495,14.1,28.0,0.324,0.43,0.307,0.545,47.4,44.8,10.7,12.1,278,SWAC,101.20492610359167,304,110.53540778552232,215,0.2661650764221347,278,19.009858374341743,17.990141625658257,9.0,9.0,0.2961470974094358,0.4323580501957494,0.2089320733027413,0.31444805683811,0.4323580501957494,0.2089320733027413,0.8855169338747991,0.799241266458245,104.00030834049116,111.757211018747,104.66790934939142,111.16436979332134,99.80645749955046,112.74858204186802,100.63401268906806,113.2598598536626,0.2043643326447176,2.0,-0.0063749621337046,1385.0,1366.0,1318.0625000000002,1.050784769311015,1.036369671392669,0.0,0.5,-12.5654003125501,252,192,70.64562226342325,99,162.3076,-0.04807812499999997
South,8,Clemson,24-10,24.0,10.0,0.7058823529411765,16.99,9.57,0.453,0.341,0.726,316,1166,434,215,96,319,545,2521,2269,65.5,112.4,0.526,12.5,28.1,0.27,0.371,0.429,0.562,51.4,50.2,9.6,9.1,30,ACC,116.47146162319366,69,96.93542783389938,20,0.8920076156494571,30,24.45758918644327,10.542410813556732,12.0,6.0,0.6818376906405827,0.517913357652638,0.7659433848549193,0.688280338627401,0.517913357652638,0.7659433848549193,0.6788062438666738,0.767611207563885,114.58428407184915,105.08871004353954,114.79786482870784,104.9460368139778,114.82577724749189,95.88492843411804,117.8887175822305,94.25034158282988,0.9291395545900896,11.0,0.0350661836903648,1273.0,1199.0,1169.5374999999997,1.08846445710377,1.025191582142514,0.0,0.6666666666666666,3.108551370547918,31,93,64.26102006065533,252,288.66009999999994,-0.017078124999999944
South,9,Iowa,21-12,21.0,12.0,0.6363636363636364,19.0,9.76,0.491,0.357,0.77,291,971,506,235,66,320,582,2482,2177,63.4,118.2,0.566,13.4,30.1,0.266,0.345,0.416,0.6,50.8,58.0,11.2,6.7,26,B10,122.05961055253192,30,100.09514702254457,35,0.9073303699729682,26,21.54241081355673,12.45758918644327,10.0,10.0,0.6920944635088838,0.412224427271403,0.8367417153696138,0.697974262108887,0.412224427271403,0.8367417153696138,0.6402785053033784,0.8403299400363899,115.44421416795248,104.3804188657558,115.47442732872383,104.1614485408904,120.9075893306061,100.51312648183522,121.07212648847342,98.31026209099842,0.9164427389542246,15.0,-0.0203933037669026,1417.0,1395.0,1263.6374999999998,1.12136589805225,1.1039558417663295,0.0,0.5,1.9267353889895489,38,227,63.01359329063001,305,361.0,0.02292187499999998
South,5,Vanderbilt,26-8,26.0,8.0,0.7647058823529411,22.83,11.68,0.475,0.355,0.793,364,1201,557,277,156,323,657,2936,2557,70.8,121.1,0.553,11.6,31.2,0.303,0.382,0.436,0.596,50.3,56.2,11.4,12.6,10,SEC,127.40562888725808,7,99.26971517101217,29,0.9463259240968922,10,26.84250142527002,8.157498574729981,11.0,7.0,0.7382891452410685,0.5241054445257363,0.8577762906327602,0.7391158338160058,0.5241054445257363,0.8577762906327602,0.6312379621066192,0.804223556789438,117.1936034934092,104.08978973224824,117.07742757767932,104.0295841685686,125.20927567059444,100.74280078867106,130.45290557590587,102.11601476870358,0.9435546439732474,18.0,0.0225064479830996,1470.0,1410.0,1259.2750000000003,1.167338349447102,1.1196918862043634,0.0,0.6111111111111112,7.250851722520824,14,116,68.97104562897228,379,521.2089,0.00992187500000008
South,12,McNeese,28-5,28.0,5.0,0.8484848484848485,7.74,-2.06,0.468,0.319,0.747,418,1162,467,348,143,317,618,2641,2193,67.3,117.6,0.523,11.9,36.4,0.285,0.381,0.347,0.563,51.1,50.3,15.5,15.7,73,Slnd,113.12744655733384,97,101.98259489791216,56,0.7672232495676864,73,28.15749857472998,5.842501425270018,19.0,3.0,0.425763831257828,0.5039860752689267,0.3714272712078312,0.44107448104154,0.5039860752689267,0.3714272712078312,0.8506698040031188,0.7528582784546576,107.6157214955536,108.79747719070122,108.23415610092027,108.49973462812392,113.55156457473572,104.18310988044696,105.62546727462322,106.20309783374285,0.484325552944689,2.0,0.0899500045015193,1693.0,1414.0,1444.375,1.172133275638252,0.9789701427953268,0.0,0.8636363636363636,0.7024363815802477,43,17,66.1163242941319,448,59.9076,-0.020078124999999947
South,4,Nebraska,26-6,26.0,6.0,0.8125,21.54,10.48,0.465,0.353,0.75,281,1117,575,232,82,312,456,2473,2119,67.3,114.0,0.554,12.8,26.3,0.204,0.272,0.507,0.581,50.2,65.6,10.7,8.7,20,B10,117.13081144113536,64,93.38579410369178,7,0.9312050645110788,20,26.918322129629527,6.0816778703704735,15.0,5.0,0.6957273639997138,0.4155707512583722,0.8364029374375402,0.6911981516884839,0.4155707512583722,0.8364029374375402,0.6531355453388752,0.8832294185136881,116.31986350179888,104.71670754875804,116.14739705641922,104.84218620269796,119.6710899059573,91.50820878480998,119.62403521954982,93.78181825888544,0.9426164614413032,15.0,0.1053113595032918,1502.0,1324.0,1326.75,1.1320896928584887,0.997927265875259,0.0,0.75,7.437314712757659,10,9,66.80746034220213,354,463.97159999999997,0.01092187500000008
South,13,Troy,22-11,22.0,11.0,0.6666666666666666,-0.76,-4.57,0.449,0.335,0.738,420,1264,527,263,112,392,552,2649,2412,68.1,113.5,0.526,14.3,35.3,0.264,0.358,0.455,0.562,52.4,58.2,11.3,9.1,142,SB,110.62847081244568,134,108.85750311953996,176,0.5462633581815849,142,22.081677870370473,11.918322129629528,12.0,6.0,0.4054094847465346,0.478418992240222,0.3560630047393338,0.4208740606212405,0.478418992240222,0.3560630047393338,0.8781626964419854,0.8321641358917355,107.13874070676668,110.29042311720342,107.45099291723857,109.76215346064666,110.06088404990876,110.0442296079477,140.47324119896382,112.7312381618817,0.926226568716074,1.0,0.0497445143739786,1347.0,1252.0,1184.6249999999998,1.1370686926242484,1.05687453835602,0.0,0.6666666666666666,-6.1468341161454125,123,68,65.07184195653176,237,0.5776,-0.017078124999999944
South,6,North Carolina,24-8,24.0,8.0,0.75,19.39,10.92,0.473,0.345,0.684,345,1217,511,171,110,309,468,2553,2282,68.8,116.0,0.546,12.2,31.4,0.256,0.374,0.423,0.572,52.6,57.0,7.8,8.6,27,ACC,121.29077613592423,33,99.90319997607956,32,0.9029879599863329,27,24.635166598510008,8.36483340148999,12.0,6.0,0.7023262571567375,0.5332435469345213,0.8139036946087684,0.7065718526822591,0.5332435469345213,0.8139036946087684,0.6647845719224376,0.7855452623462368,115.21352275893294,103.96145175064883,115.33286745622142,103.93198548117182,122.99071346877196,102.2578672273382,121.27919874354974,102.3091900417836,0.8761104623750509,14.0,0.0788183904339286,1416.0,1376.0,1232.0,1.1493506493506491,1.1168831168831168,0.0,0.6666666666666666,4.860418884793739,21,23,67.97511760643324,271,375.9721,0.0029218750000000737
South,11,VCU,27-7,27.0,7.0,0.7941176470588235,13.19,3.11,0.46,0.367,0.739,380,1247,479,251,148,358,588,2773,2430,69.4,117.6,0.541,13.1,32.3,0.323,0.437,0.438,0.582,51.7,52.7,10.6,11.3,48,A10,119.15189767071364,49,102.98906492965642,69,0.8424309071704718,48,27.364833401489992,7.635166598510009,15.0,3.0,0.5630126321464123,0.4863877205359859,0.5989956474594704,0.5727262129526297,0.4863877205359859,0.5989956474594704,0.7958818156289759,0.786840213238533,109.63286058429276,107.04608886216025,109.96594388645173,106.842006322051,119.69930177641928,105.3282792434899,109.87332394003715,96.8090343032869,0.8108832435799127,5.0,0.0621279674848539,1429.0,1299.0,1230.9250000000002,1.1609155716229662,1.0553039380953346,0.0,0.8333333333333334,1.6128183387877617,40,50,68.66637652518934,343,173.97609999999997,-0.0020781249999999307
South,3,Illinois,24-8,24.0,8.0,0.75,26.45,11.89,0.463,0.347,0.789,422,1301,470,120,148,284,428,2700,2234,66.2,125.5,0.551,11.0,38.7,0.26,0.329,0.507,0.588,56.7,51.2,5.6,12.6,6,B10,131.89194372893542,2,98.1063278138969,24,0.9678046359772976,6,24.964208204352943,8.035791795647055,15.0,5.0,0.7390090184978348,0.5755366491040147,0.8193717983950808,0.732595939031532,0.5755366491040147,0.8193717983950808,0.6245135230212017,0.7220057309434316,117.14259301572211,103.29882217278669,116.8177260096838,103.36286924824826,133.3160864915072,99.18135470578218,132.7044717513094,100.44482771906382,0.960944556972234,17.0,-0.049353726652929,1633.0,1416.0,1312.4,1.244285278878391,1.0789393477598292,0.0,0.75,6.535892109835591,16,298,65.70281542497514,466,699.6025,0.007921875000000078
South,14,Penn,18-11,18.0,11.0,0.6206896551724138,-0.5,-1.72,0.44,0.386,0.693,334,1056,405,196,91,314,482,2207,2126,69.4,108.8,0.507,13.3,31.2,0.253,0.366,0.348,0.54,50.2,52.9,9.7,8.6,149,Ivy,106.42198164490004,215,105.41237583058548,106,0.5273773869326118,149,18.035791795647057,11.964208204352945,9.0,5.0,0.4599390776601519,0.4780070144106457,0.4234500437508224,0.4768679296043611,0.4780070144106457,0.4234500437508224,0.855107609258043,0.8521160627910281,108.4646387349054,109.38447709885462,109.27247683813026,108.99557539927407,105.16411492924756,104.80997500306272,107.95109111525454,120.76089127007512,0.215930081548812,1.0,0.0605669934345936,1037.0,989.0,959.0375,1.0812924416407077,1.0312422611211762,0.0,0.6428571428571429,-6.101132342911137,122,54,69.0025276843538,81,0.25,-0.03607812499999996
South,7,Saint Mary's,27-5,27.0,5.0,0.84375,17.87,5.54,0.461,0.389,0.805,398,1291,495,180,116,346,500,2502,2066,66.5,117.6,0.532,13.8,37.8,0.291,0.362,0.362,0.578,58.1,58.1,8.5,9.8,24,WCC,119.38696656179602,46,97.46444206359604,22,0.9115853751727891,24,27.60117987546012,5.398820124539876,16.0,2.0,0.601424457677772,0.5608582419002143,0.6143637910883875,0.6096372424674525,0.5608582419002143,0.6143637910883875,0.7721369619278375,0.814915213164466,111.84798111375572,105.60140520005426,112.09745477045844,105.46952067317828,121.12407750224952,98.32360618047284,113.76407737634918,95.98032787513417,0.8759702725459497,6.0,0.0477749789510569,1403.0,1154.0,1178.2625,1.190736359682159,0.9794082388262376,0.0,0.8888888888888888,4.003603626605798,25,72,65.27518191637888,436,319.3369,-0.011078124999999939
South,10,Texas A&M,21-11,21.0,11.0,0.65625,16.76,8.6,0.458,0.362,0.737,391,1207,580,260,103,347,619,2807,2546,72.5,118.2,0.542,12.5,32.3,0.276,0.374,0.463,0.577,49.9,61.3,10.9,8.9,40,SEC,119.83113815742198,42,101.38110031441856,45,0.872446356372064,40,21.39882012453988,11.601179875460124,11.0,7.0,0.6741148509980361,0.4227083220559446,0.8445722129133485,0.6813109274348071,0.4227083220559446,0.8445722129133485,0.6684104637101559,0.8602718577708617,116.01454909694355,106.47639547522954,116.11674356225672,106.20330598081038,121.29913382396305,99.9134658893726,119.16973112761563,100.00537148025413,0.8824912660634663,13.0,0.0248878247866716,1493.0,1460.0,1308.0375,1.1414045851131944,1.1161759506130369,0.0,0.6111111111111112,1.5577560492090536,41,111,71.008950371345,261,280.89760000000007,-0.0010781249999999298
South,2,Houston,28-6,28.0,6.0,0.8235294117647058,26.23,11.93,0.45,0.349,0.772,435,1244,499,263,131,289,612,2623,2137,64.9,118.4,0.521,10.9,35.9,0.208,0.269,0.408,0.554,52.2,52.9,11.9,12.5,5,B12,125.24417320348051,12,92.2988355502808,5,0.9709762474695236,5,28.96187757816433,6.03812242183567,14.0,4.0,0.7305621539322376,0.5357761632267389,0.8378556130647351,0.7259764265541341,0.5357761632267389,0.8378556130647351,0.6386015071894144,0.7926143778023729,116.3481408917181,103.59704837786256,116.1301522579304,103.66810538471027,127.26103350983446,93.13511400608748,127.74047308622036,95.09757442688311,0.9675044749464596,16.0,0.0008588022460752,1384.0,1165.0,1162.3625000000002,1.1906784673456,1.0022690855907683,0.0,0.7777777777777778,8.931423380384267,5,171,63.31563553368743,486,688.0129000000001,-0.02207812499999995
South,15,Idaho,21-14,21.0,14.0,0.6,-0.05,-2.7,0.448,0.356,0.735,373,1309,439,205,81,370,636,2753,2540,69.6,112.7,0.531,13.2,30.0,0.25,0.34,0.468,0.565,53.1,46.7,8.4,6.4,136,BSky,108.71853891934548,166,106.08404341411784,122,0.5700617065525445,136,21.03812242183567,14.96187757816433,9.0,9.0,0.424435189863086,0.3920256725834485,0.4360282518131884,0.4396168859004706,0.3920256725834485,0.4360282518131884,0.8778944659485806,0.8867866962875325,109.05142482861709,110.70300333687986,109.5421141714656,110.14530128363027,109.05790365747085,109.45425019345473,0.0,0.0,0.0,0.0,-0.0176060086619272,1394.0,1360.0,1249.6125000000002,1.1155458192039531,1.0883373845892226,0.0,0.5,-8.915723120414114,176,221,67.41126850517617,213,0.0025000000000000005,-0.01207812499999994
Midwest,1,Michigan,31-3,31.0,3.0,0.9117647058823529,32.48,14.86,0.505,0.36,0.747,374,1359,628,194,200,407,531,2952,2353,71.3,121.3,0.581,14.4,35.4,0.282,0.377,0.418,0.612,56.2,60.7,8.0,15.9,2,B10,127.58165051912272,6,90.91845496650676,2,0.980084214234074,2,31.984315445120235,3.015684554879764,19.0,1.0,0.8032317430794487,0.7292117812541669,0.8238460610345992,0.7928397411635139,0.7292117812541669,0.8238460610345992,0.5903064114812226,0.6607248586913338,119.31367140431662,102.23282826477096,118.88820995649132,102.35914253749476,129.53980071805216,93.69747085624148,127.63137789863426,89.00637030271723,0.9844042855740432,22.0,0.0696374855391173,1719.0,1418.0,1400.3750000000002,1.2275283406230473,1.0125859144871907,0.0,0.95,13.953091000408984,1,40,71.20502705035263,599,1054.9503999999997,0.037921874999999994
Midwest,16,Howard,24-10,24.0,10.0,0.7058823529411765,-4.64,-11.85,0.459,0.345,0.731,409,1207,535,286,121,447,632,2556,2236,69.9,110.4,0.517,16.4,37.2,0.329,0.45,0.34,0.562,53.6,62.2,12.3,10.1,199,MEAC,104.42252063153823,254,106.65382790689875,131,0.4395116707677583,199,24.015684554879765,10.984315445120236,11.0,3.0,0.2248815867514597,0.3448737738778141,0.0836828664693414,0.2464588046800715,0.3448737738778141,0.0836828664693414,0.9020390910631988,0.8634873262471047,101.33439812589968,114.00595945799908,102.18108368727157,113.2612012485644,104.22349064178093,105.22653548033568,101.3416856156762,111.21442626907412,0.2555807194922078,2.0,-0.0354353361324957,1131.0,886.0,983.2875,1.1502231036192363,0.9010589476628148,0.0,0.7857142857142857,-6.876891572247241,135,258,69.06453109542254,320,21.5296,-0.026078124999999952
Midwest,8,Georgia,22-10,22.0,10.0,0.6875,19.57,8.91,0.471,0.341,0.754,417,1222,478,268,195,341,545,2874,2533,73.4,120.5,0.546,12.2,35.2,0.278,0.37,0.439,0.583,50.5,48.4,11.2,15.1,37,SEC,124.36985913459117,18,104.7102264834821,92,0.8785452179151635,37,22.54876620278198,10.451233797218022,10.0,8.0,0.6707098018105718,0.4072793276782195,0.8543541691298618,0.6763268274712166,0.4072793276782195,0.8543541691298618,0.6733397049028859,0.856306977406184,115.22409823250813,105.66154818972096,115.34925492073684,105.55701707761932,126.727542133217,106.70696353376508,126.32824627324187,101.71824473881074,0.9235639136695312,13.0,0.0469317695358034,1515.0,1521.0,1284.675,1.1792865899935785,1.1839570319341468,0.0,0.5555555555555556,2.564110383275214,33,74,72.01487536360162,341,382.98490000000004,0.0029218750000000737
Midwest,9,Saint Louis,28-5,28.0,5.0,0.8484848484848485,17.27,1.52,0.509,0.401,0.744,338,1318,605,236,115,411,604,2879,2294,72.0,121.1,0.6,15.2,32.0,0.254,0.341,0.454,0.626,55.2,60.0,9.9,9.8,45,A10,119.35426887665824,48,102.21202155058585,62,0.856071646976926,45,28.45123379721802,5.548766202781979,15.0,3.0,0.5149552305021815,0.3886747004967065,0.5804815229493059,0.5256490536551427,0.3886747004967065,0.5804815229493059,0.8377904567284282,0.8891419486175477,108.58471770109406,107.35670246323087,109.06305531996544,107.27650622169524,120.76760239897322,103.0966915390614,101.5569289357408,79.93990993107272,0.9400520942304132,2.0,0.0532989430947713,1494.0,1277.0,1258.0625,1.1875403646480205,1.0150529087386355,0.0,0.8333333333333334,1.7971904561353054,39,63,70.99788933848943,585,298.2529,0.05692187500000001
Midwest,5,Texas Tech,22-10,22.0,10.0,0.6875,21.95,14.17,0.467,0.393,0.715,369,1182,507,185,119,346,523,2573,2324,67.9,117.9,0.562,13.6,33.3,0.194,0.271,0.48,0.584,52.0,55.5,8.5,9.5,13,B12,126.23417425696884,10,98.72597109075944,27,0.9440960379501449,13,22.83268460163718,10.167315398362822,12.0,6.0,0.7602020405693976,0.6420780091143776,0.8340982180057692,0.7605711721888982,0.6420780091143776,0.8340982180057692,0.6018695592870544,0.6860417144610229,118.22060742569045,102.63892105957434,118.18777048878664,102.7204712698897,128.89472701819952,98.16450935945072,127.82596340691896,100.30764951575864,0.9420194751858392,17.0,-0.0053448104330106,1431.0,1298.0,1207.6,1.1849950314673732,1.0748592249089102,0.0,0.6666666666666666,5.015619316825879,20,189,66.38326970455203,249,481.80249999999995,0.018921875000000088
Midwest,12,Akron,29-5,29.0,5.0,0.8529411764705882,9.04,-3.33,0.503,0.379,0.754,386,1294,627,256,105,372,536,3004,2499,71.8,123.1,0.588,13.2,34.0,0.209,0.277,0.451,0.612,53.5,57.5,10.5,9.1,71,MAC,117.1369884454378,63,105.33007804847531,103,0.7723833820046047,71,29.16731539836282,5.832684601637178,17.0,1.0,0.3935393559552184,0.3730790069783599,0.391097885679369,0.4092695468530529,0.3730790069783599,0.391097885679369,0.8793054680346487,0.8701294365820609,108.31894589227473,111.3612104868588,108.86183159874965,110.97832444615663,117.0659043079916,103.01326860334696,120.67140536408472,107.52051182436466,0.7903406356579273,1.0,0.0539713874191716,1539.0,1279.0,1274.9375,1.2071179959801952,1.0031864307073877,0.0,0.9444444444444444,-0.2351663391575045,48,61,70.30196454702589,505,81.72159999999998,0.044921875
Midwest,4,Alabama,23-9,23.0,9.0,0.71875,22.7,14.45,0.458,0.358,0.765,391,1300,516,206,162,313,593,2935,2671,74.6,122.0,0.554,11.2,31.8,0.285,0.372,0.537,0.592,50.4,53.5,8.6,11.3,18,SEC,129.47545014977186,3,102.7265954164928,67,0.9347060553342108,18,23.85663464918027,9.143365350819732,13.0,5.0,0.7896030804859587,0.7136638944922089,0.8444422551871125,0.7870550675788488,0.7136638944922089,0.8444422551871125,0.598173637206701,0.62723489108978,119.05073460055227,102.85056761926188,118.86944878122333,102.90952342090236,128.51527799589394,102.86789796533654,128.8637149605227,103.59264674554494,0.9248623924623384,15.0,0.0463560893540924,1627.0,1530.0,1342.15,1.2122341020005216,1.1399620012666245,0.0,0.7222222222222222,6.505696858772534,17,77,73.04465128085093,264,515.29,0.01092187500000008
Midwest,13,Hofstra,24-10,24.0,10.0,0.7058823529411765,4.48,-2.46,0.442,0.368,0.746,422,1335,434,169,125,360,583,2571,2246,65.6,114.4,0.522,13.5,35.5,0.238,0.319,0.437,0.557,53.7,49.0,7.5,10.6,91,CAA,113.0683024290623,99,104.79610919133988,95,0.7055186490385246,91,24.14336535081973,10.856634649180268,12.0,6.0,0.4297184174539952,0.453928817713504,0.4016112259286203,0.4441466356724709,0.453928817713504,0.4016112259286203,0.8732309904379063,0.848447691685004,107.14501478787768,108.87918404259244,107.82169464691472,108.69274196372088,112.77626563753635,105.1360359587633,112.85406946270722,100.3850417713024,0.7935481600189381,1.0,-0.0112599393918372,1327.0,1190.0,1166.475,1.1376154653978867,1.0201675989626866,0.0,0.6666666666666666,-4.718380694713325,96,209,64.69917750884566,325,20.070400000000003,-0.021078124999999948
Midwest,6,Tennessee,22-11,22.0,11.0,0.6666666666666666,22.08,11.99,0.463,0.334,0.694,529,1405,558,248,119,385,590,2622,2289,67.3,116.8,0.516,13.9,45.1,0.269,0.387,0.317,0.549,58.8,59.8,11.0,11.3,16,SEC,121.41256388408738,32,95.42004019238972,13,0.9410560689512076,16,22.0,11.0,11.0,7.0,0.7318365296847718,0.5267927840233069,0.8610770063349238,0.7318365296847718,0.5267927840233069,0.8610770063349238,0.6145030817255979,0.7424605638730496,118.2062989039172,104.91330040213155,118.2062989039172,104.91330040213155,121.85476735897257,96.5134146509705,122.92509117608012,97.83498974080106,0.9324764862925444,17.0,-0.0400175948133445,1391.0,1324.0,1220.625,1.1395801331285202,1.0846902201740911,0.0,0.6111111111111112,4.058162388507359,23,271,65.21342528237817,333,487.5263999999999,-0.027078124999999953
Midwest,11,Miami (OH),31-1,31.0,1.0,0.96875,5.37,-5.49,0.524,0.392,0.749,265,1135,516,238,107,335,515,2902,2409,72.1,123.9,0.612,12.9,26.4,0.296,0.396,0.447,0.64,51.4,51.5,10.2,8.6,35,ACC,121.020429388006,34,101.36245113158589,44,0.8847754945442394,35,25.570839721826744,8.429160278173256,13.0,5.0,0.6396456091032365,0.4104984782794811,0.771806702512151,0.6459016977486168,0.4104984782794811,0.771806702512151,0.7040209788052006,0.8333578081443374,113.1821726865462,105.74897543485504,113.37986451651452,105.66663923608384,121.59339037142634,102.11480146246151,120.47731874616564,100.76903392184224,0.8863763177475722,11.0,0.0744353656386092,1401.0,1312.0,1214.9125,1.1531694669369197,1.0799131624705485,0.0,0.7222222222222222,3.7912749113176423,28,30,67.91664494432756,493,28.8369,0.06892187500000002
Midwest,3,Virginia,29-5,29.0,5.0,0.8529411764705882,21.6,9.36,0.463,0.359,0.726,449,1367,563,219,220,368,597,2742,2326,66.5,119.1,0.546,13.4,37.9,0.24,0.33,0.465,0.576,55.1,59.1,9.5,17.5,14,ACC,122.25876184213163,29,95.8264114367024,15,0.9427523347899148,14,29.92109105036587,5.078908949634128,15.0,3.0,0.6761694867004779,0.4618312008734567,0.7914781285018165,0.673570326093599,0.4618312008734567,0.7914781285018165,0.6992379630758639,0.8332320084106495,114.92349831795376,105.75349524433538,114.84702882665248,105.8444722868294,119.77507544419416,94.05467124550196,123.04564656798928,95.09153523600445,0.9509082957277532,13.0,0.0732580886529968,1391.0,1252.0,1232.3375,1.1287492265714545,1.015955450515788,0.0,0.8333333333333334,7.693482948844642,8,32,65.57052819639844,416,466.56000000000006,0.0029218750000000737
Midwest,14,Wright St.,23-11,23.0,11.0,0.6764705882352942,0.12,-4.44,0.488,0.361,0.736,383,1204,469,252,148,383,590,2745,2497,69.0,116.5,0.549,14.0,34.2,0.278,0.377,0.334,0.583,53.1,48.1,10.7,11.5,132,Horz,112.24706608617367,112,108.93769176465156,183,0.5851988637122733,132,23.07890894963413,11.921091050365872,15.0,5.0,0.3960783688824331,0.4246834849006411,0.3859539397152601,0.4116976250599284,0.4246834849006411,0.3859539397152601,0.891605349358188,0.8737638547581876,109.3041013896059,112.70875063939246,109.69666685885664,112.19716460229884,114.63197301020756,110.4419377793742,0.0,0.0,0.0,0.0,0.0100576713384835,1630.0,1527.0,1375.1875,1.185292914602554,1.110394037176749,0.0,0.75,-6.602702620804132,131,147,66.96255905471382,248,0.0144,0.005921875000000076
Midwest,7,Kentucky,21-13,21.0,13.0,0.6176470588235294,19.8,12.86,0.464,0.341,0.728,406,1275,544,243,150,357,627,2746,2510,69.8,115.7,0.531,12.8,33.8,0.273,0.375,0.392,0.567,52.1,57.0,10.2,12.3,31,SEC,119.85074931789606,41,99.87870637477396,31,0.8905472335908131,31,21.486031137033752,13.51396886296625,10.0,8.0,0.7365194500621175,0.5239240943256923,0.868300132949058,0.7410725303859126,0.5239240943256923,0.868300132949058,0.5892178433516516,0.7284834602456667,118.04251944523376,104.08831879827328,118.24078956466911,104.0757923780809,121.09280104517782,101.42837179774484,119.36778076720182,100.984316326832,0.8725067712646886,20.0,0.0428406051596477,1414.0,1404.0,1245.875,1.13494531955453,1.126918832146082,0.0,0.5555555555555556,3.2539495891776165,30,80,68.30610087899888,236,392.04,-0.01207812499999994
Midwest,10,Santa Clara,26-8,26.0,8.0,0.7647058823529411,15.88,6.06,0.468,0.346,0.736,445,1214,570,303,126,368,663,2817,2463,69.7,118.9,0.546,13.0,36.7,0.185,0.252,0.451,0.57,51.8,55.2,12.8,10.8,29,WCC,124.98197374227584,15,103.64989398989266,79,0.8958772634495052,29,26.513968862966248,8.48603113703375,15.0,3.0,0.6133509346874955,0.5498336018562,0.6212644739270414,0.6212708289326331,0.5498336018562,0.6212644739270414,0.7575859070859474,0.8148932373707795,111.78376838145586,105.04774932549006,112.02103252618164,104.89571865093042,125.92001597483386,103.14566436383188,121.85358544506246,104.60234892112572,0.8526480939556014,8.0,0.0065597832960717,1569.0,1330.0,1280.9500000000005,1.224872165189898,1.03829189273586,0.0,0.8333333333333334,2.128958478132717,36,157,69.24554845199671,354,252.17440000000002,0.0029218750000000737
Midwest,2,Iowa St.,27-7,27.0,7.0,0.7941176470588235,27.15,10.5,0.49,0.387,0.672,403,1211,586,305,92,349,543,2781,2215,68.2,120.0,0.565,12.8,35.3,0.229,0.34,0.388,0.585,53.5,58.4,13.2,8.6,7,B12,123.67255595433032,21,92.52194636678304,6,0.9656832559355004,7,27.97723197255975,7.02276802744025,12.0,6.0,0.6967373126431013,0.4593744100194892,0.8332436689240942,0.6881447882995054,0.4593744100194892,0.8332436689240942,0.6542484448682814,0.7973369820687418,114.7912776696968,103.55382069042317,114.58879394894127,103.78747256477074,121.14559885806408,94.3148901841235,120.54103517108328,96.15424793789614,0.9308242889270985,14.0,-0.0118285180688415,1360.0,1221.0,1200.275,1.1330736706171505,1.0172668763408386,0.0,0.6666666666666666,7.338254317790138,13,210,66.94050996857628,566,737.1225,0.02192187499999998
Midwest,15,Tennessee St.,23-9,23.0,9.0,0.71875,-4.54,-8.68,0.46,0.331,0.765,417,1216,422,300,116,390,578,2577,2347,72.0,111.5,0.51,14.3,35.4,0.259,0.338,0.306,0.551,53.0,45.6,13.0,10.1,218,OVC,107.70434752233204,188,111.73163620127494,237,0.3959989648847692,218,23.02276802744025,9.97723197255975,15.0,5.0,0.2717572968175706,0.3977627366550479,0.2090561286200724,0.292785356175522,0.3977627366550479,0.2090561286200724,0.8995984873423265,0.8205630803537491,102.63864563205196,111.7473643408511,103.33977597453055,111.10651707632636,109.13225604986977,115.66070840108132,86.16593821717844,100.53049699161056,0.145152136930113,1.0,0.0745465757627883,1621.0,1474.0,1411.7375000000002,1.1482304606911695,1.0441034540769796,0.0,0.75,-5.651346128190491,112,28,70.1207442233955,230,20.6116,-0.03307812499999996
