Rk,School,G,W,L,W-L%,SRS,SOS,W_1,L_1,W_2,L_2,W_3,L_3,Tm.,Opp.,Pace,ORtg,FTr,3PAr,TS%,TRB%,AST%,STL%,BLK%,eFG%,TOV%,ORB%,FT/FGA,in_tourney
1,Air Force,28,12,16,0.429,1.71,1.46,3.0,11.0,9,4,3,10,1603,1596,,,0.43,0.523,0.597,41.4,67.9,,4.2,0.579,19.3,,0.28,False
2,Akron,28,14,14,0.5,-0.8,-1.43,9.0,9.0,10,5,4,9,2201,2155,,,0.462,0.286,0.578,46.7,56.2,,4.3,0.536,15.5,,0.337,False
3,Alabama,29,17,12,0.586,13.36,9.4,7.0,9.0,13,2,1,8,2002,1887,,,0.364,0.344,0.516,52.6,50.6,,7.0,0.476,16.4,,0.26,True
4,Alabama A&M,27,8,19,0.296,-16.71,-11.83,4.0,14.0,6,7,2,12,1962,2072,,,0.349,0.335,0.501,48.2,60.1,,3.7,0.46,20.5,,0.247,False
5,Alabama State,29,14,15,0.483,-10.33,-10.0,11.0,7.0,9,4,5,9,1860,1846,,,0.299,0.319,0.508,51.6,49.6,,6.0,0.483,21.0,,0.194,False
6,Albany (NY),28,7,21,0.25,-14.87,-5.09,3.0,13.0,5,9,2,11,1846,2120,,,0.236,0.386,0.516,41.3,49.6,,3.4,0.487,16.4,,0.173,False
7,Alcorn State,33,14,19,0.424,-12.39,-8.36,10.0,8.0,7,3,5,12,2280,2413,,,0.356,0.28,0.503,50.0,55.5,,6.0,0.469,21.2,,0.238,False
8,American,30,16,14,0.533,-1.38,-5.85,9.0,5.0,11,1,3,13,1991,1857,,,0.309,0.432,0.541,49.1,60.7,,3.2,0.515,17.6,,0.21,False
9,Appalachian State,29,19,10,0.655,-1.92,-3.46,11.0,5.0,12,2,6,7,2434,2309,,,0.399,0.34,0.543,50.4,54.1,,7.2,0.503,17.5,,0.286,False
10,Arizona,32,28,4,0.875,23.42,8.95,17.0,1.0,14,1,11,1,2725,2262,,,0.368,0.306,0.549,54.0,58.5,,6.5,0.515,15.9,,0.261,True
11,Arizona State,32,20,12,0.625,15.02,9.27,11.0,7.0,12,3,4,6,2464,2257,,,0.453,0.22,0.552,53.0,57.1,,7.7,0.518,16.4,,0.305,True
12,Arkansas,28,9,19,0.321,4.67,9.57,4.0,12.0,8,8,1,9,1726,1863,,,0.352,0.352,0.475,53.8,45.0,,6.7,0.447,20.5,,0.215,False
13,Arkansas State,28,13,15,0.464,-0.05,-1.36,6.0,8.0,9,5,3,9,2072,1918,,,0.395,0.394,0.563,47.6,51.6,,3.3,0.522,16.7,,0.294,False
14,Arkansas-Pine Bluff,28,4,24,0.143,-24.22,-4.54,4.0,14.0,2,8,2,16,1526,2077,,,0.324,0.311,0.436,41.6,52.3,,4.6,0.399,23.3,,0.208,False
15,Army,27,5,22,0.185,-19.72,-5.92,0.0,14.0,4,9,1,12,1482,1769,,,0.273,0.35,0.509,47.9,59.7,,3.4,0.481,24.1,,0.186,False
16,Auburn,34,22,12,0.647,12.68,8.35,8.0,8.0,13,4,4,5,2408,2235,,,0.362,0.303,0.543,51.5,52.0,,9.1,0.517,19.6,,0.239,True
17,Austin Peay,31,23,8,0.742,-0.84,-1.98,13.0,3.0,14,0,6,7,2204,2101,,,0.436,0.336,0.554,50.9,55.9,,8.1,0.518,19.3,,0.301,True
18,Ball State,30,13,17,0.433,-0.57,2.17,8.0,10.0,9,5,2,11,2199,2281,,,0.366,0.276,0.516,49.3,40.5,,4.1,0.473,15.3,,0.266,False
19,Baylor,28,14,14,0.5,6.05,5.44,5.0,11.0,10,6,2,7,1932,1915,,,0.302,0.458,0.52,48.1,60.2,,5.0,0.485,16.7,,0.219,False
20,Belmont,29,17,12,0.586,-2.3,-4.05,12.0,4.0,8,3,7,8,2108,2029,,,0.34,0.405,0.569,51.1,66.0,,3.2,0.542,20.9,,0.236,False
21,Bethune-Cookman,30,8,22,0.267,-19.13,-10.93,5.0,13.0,4,7,3,14,1941,2187,,,0.33,0.285,0.5,47.9,47.5,,3.3,0.464,19.7,,0.229,False
22,Binghamton,27,14,13,0.519,-4.76,-5.13,9.0,7.0,9,2,4,11,1797,1787,,,0.28,0.383,0.514,49.1,52.9,,11.3,0.487,18.9,,0.189,False
23,Birmingham-Southern,28,19,9,0.679,,,,,12,2,7,7,1958,1828,,105.6,0.434,0.439,0.567,50.8,60.8,12.1,10.9,0.528,20.3,34.8,0.312,False
24,Boise State,29,13,16,0.448,-0.97,0.07,7.0,11.0,9,7,4,8,1897,1924,,,0.367,0.315,0.497,48.1,50.3,,7.1,0.455,17.8,,0.256,False
25,Boston College,31,19,12,0.613,10.3,7.24,10.0,6.0,9,6,9,3,2462,2367,,,0.422,0.289,0.555,50.0,60.1,,4.7,0.52,15.7,,0.292,False
26,Boston University,31,20,11,0.645,1.1,-3.42,13.0,3.0,10,3,8,8,2100,1960,,,0.349,0.354,0.53,51.5,57.7,,6.6,0.489,17.3,,0.259,False
27,Bowling Green,29,13,16,0.448,-2.2,1.95,8.0,10.0,8,4,4,10,1962,2012,,,0.493,0.354,0.557,48.6,60.1,,5.0,0.506,21.5,,0.364,False
28,Bradley,30,12,18,0.4,1.12,1.19,8.0,10.0,7,7,3,10,2204,2169,,,0.413,0.313,0.538,49.5,52.0,,2.9,0.499,17.2,,0.29,False
29,Brigham Young,32,23,9,0.719,13.64,5.29,11.0,3.0,13,1,6,5,2299,2032,,,0.461,0.313,0.57,53.3,55.9,,5.0,0.521,17.8,,0.348,True
30,Brown,29,17,12,0.586,-2.33,-3.6,12.0,2.0,7,3,10,7,2144,2107,,,0.457,0.331,0.568,48.8,58.9,,6.3,0.522,19.4,,0.34,False
31,Bucknell,29,14,15,0.483,-6.61,-4.97,7.0,7.0,7,4,4,9,1687,1706,,,0.46,0.365,0.504,51.1,61.8,,4.7,0.468,21.7,,0.291,False
32,Buffalo,28,5,23,0.179,-7.96,-0.56,2.0,16.0,5,8,0,15,1815,2022,,,0.33,0.319,0.484,50.3,54.3,,3.9,0.449,17.8,,0.222,False
33,Butler,33,27,6,0.818,9.11,2.24,14.0,2.0,13,0,10,5,2229,1986,,,0.322,0.422,0.584,47.9,53.4,,3.5,0.558,15.6,,0.231,True
34,Cal Poly,30,16,14,0.533,-2.37,-1.51,10.0,8.0,7,6,6,6,2046,2057,,,0.353,0.358,0.522,49.0,52.5,,7.2,0.483,19.7,,0.253,False
35,Cal State Fullerton,29,10,19,0.345,-6.72,-2.99,8.0,10.0,6,6,4,10,1825,1933,,,0.377,0.266,0.515,51.1,51.4,,3.1,0.485,17.8,,0.244,False
36,Cal State Northridge,29,14,15,0.483,-2.27,-2.2,8.0,10.0,9,4,4,10,2073,2009,,,0.381,0.314,0.542,51.5,53.2,,3.8,0.506,20.4,,0.268,False
37,California,31,22,9,0.71,11.78,7.58,13.0,5.0,13,1,7,4,2301,2171,,,0.33,0.291,0.547,50.7,57.5,,4.8,0.52,17.1,,0.225,True
38,Campbell,27,5,22,0.185,-19.8,-6.51,1.0,15.0,5,8,0,13,1756,2098,,,0.347,0.348,0.532,42.4,63.4,,4.7,0.499,20.6,,0.243,False
39,Canisius,28,10,18,0.357,-3.23,-2.34,6.0,12.0,6,7,3,10,1967,1992,,,0.272,0.287,0.517,49.1,59.3,,5.7,0.488,17.4,,0.192,False
40,Centenary (LA),28,14,14,0.5,-9.66,-3.88,,,9,1,5,10,2145,2117,,,0.428,0.241,0.56,46.6,50.7,,6.6,0.511,18.5,,0.325,False
41,Central Connecticut State,28,15,13,0.536,-8.15,-8.58,12.0,6.0,9,4,5,7,1891,1879,,,0.337,0.271,0.551,53.5,47.1,,3.0,0.513,20.1,,0.252,False
42,Central Michigan,32,25,7,0.781,6.72,1.79,14.0,4.0,12,1,9,5,2553,2346,,,0.46,0.335,0.611,52.1,58.3,,6.5,0.569,21.6,,0.351,True
43,Charleston Southern,28,14,14,0.5,-9.87,-8.91,8.0,6.0,9,4,5,9,1828,1839,,,0.302,0.247,0.515,49.6,51.4,,6.0,0.476,18.7,,0.225,False
44,Charlotte,29,13,16,0.448,5.5,6.95,8.0,8.0,11,4,2,11,1985,2027,,,0.337,0.398,0.491,50.7,60.9,,5.7,0.462,16.4,,0.213,False
45,Chattanooga,30,21,9,0.7,0.4,-3.64,11.0,5.0,11,3,8,5,2435,2221,,,0.39,0.351,0.587,53.5,60.2,,5.5,0.548,19.4,,0.295,False
46,Chicago State,30,3,27,0.1,-14.2,-2.43,0.0,14.0,2,10,0,14,1896,2249,,,0.375,0.215,0.504,49.9,51.4,,3.1,0.478,21.8,,0.232,False
47,Cincinnati,29,17,12,0.586,12.9,7.45,9.0,7.0,13,3,3,7,1954,1796,,,0.371,0.347,0.503,50.2,53.5,,8.1,0.463,13.6,,0.256,True
48,Clemson,28,15,13,0.536,5.67,5.35,5.0,11.0,13,4,1,8,1916,1907,,,0.404,0.251,0.518,51.6,51.2,,4.8,0.485,16.9,,0.265,False
49,Cleveland State,30,8,22,0.267,-6.95,0.62,3.0,13.0,5,8,2,12,1969,2196,,,0.412,0.31,0.535,47.5,59.1,,7.8,0.504,21.9,,0.271,False
50,Coastal Carolina,28,13,15,0.464,-12.45,-8.95,5.0,9.0,8,4,5,11,1886,1925,,,0.349,0.298,0.526,52.9,52.2,,3.3,0.487,20.7,,0.252,False
51,Colgate,28,14,14,0.5,-8.34,-6.46,9.0,5.0,9,4,5,8,1897,1869,,,0.264,0.327,0.524,49.6,56.9,,3.3,0.499,18.1,,0.182,False
52,College of Charleston,33,25,8,0.758,1.21,-3.18,13.0,3.0,12,2,8,5,2461,2233,,,0.336,0.406,0.546,48.2,56.6,,7.3,0.519,17.1,,0.229,False
53,Colorado,32,20,12,0.625,12.83,8.01,9.0,7.0,14,1,3,9,2405,2251,,,0.387,0.248,0.518,53.5,48.8,,10.6,0.484,16.1,,0.259,True
54,Colorado State,33,19,14,0.576,5.38,4.41,5.0,9.0,14,4,3,9,2450,2363,,,0.465,0.219,0.579,53.3,58.7,,7.8,0.545,20.7,,0.324,True
55,Columbia,27,2,25,0.074,-17.28,-4.83,0.0,14.0,1,9,1,13,1340,1676,,,0.352,0.366,0.468,48.8,57.3,,7.0,0.428,24.4,,0.237,False
56,Connecticut,33,23,10,0.697,15.84,7.63,10.0,6.0,14,2,5,6,2622,2351,,,0.358,0.247,0.545,53.4,52.1,,11.7,0.516,17.4,,0.242,True
57,Coppin State,28,11,17,0.393,-11.0,-7.39,11.0,7.0,5,4,6,11,1625,1726,,,0.325,0.234,0.521,48.6,43.7,,4.3,0.483,21.1,,0.238,False
58,Cornell,27,9,18,0.333,-12.23,-4.27,4.0,10.0,5,7,4,11,1641,1831,,,0.36,0.372,0.516,47.7,62.5,,4.2,0.492,20.9,,0.226,False
59,Creighton,34,29,5,0.853,15.32,1.03,15.0,3.0,17,0,7,4,2688,2202,,,0.347,0.354,0.59,51.2,59.0,,8.1,0.567,16.8,,0.24,True
60,Dartmouth,27,8,19,0.296,-10.63,-5.44,4.0,10.0,4,9,3,10,1625,1725,,,0.288,0.454,0.529,44.6,66.5,,5.1,0.5,17.8,,0.203,False
61,Davidson,27,17,10,0.63,0.21,-2.25,11.0,5.0,11,2,6,7,2180,1920,,,0.33,0.401,0.586,54.5,61.4,,3.1,0.55,20.7,,0.257,False
62,Dayton,30,24,6,0.8,11.0,5.17,14.0,2.0,17,1,7,4,2182,2007,,,0.41,0.386,0.558,53.6,61.2,,5.2,0.52,16.9,,0.292,True
63,Delaware,29,15,14,0.517,-1.22,-1.54,9.0,9.0,8,5,5,8,1990,1981,,,0.316,0.348,0.503,47.9,58.0,,6.5,0.467,16.4,,0.223,False
64,Delaware State,27,15,12,0.556,-9.94,-9.57,13.0,5.0,11,0,4,11,1680,1690,,,0.345,0.361,0.538,48.4,55.4,,6.7,0.507,19.2,,0.237,False
65,Denver,32,17,15,0.531,1.53,-0.28,7.0,8.0,10,3,2,9,2268,2210,,,0.333,0.377,0.513,50.8,59.3,,3.0,0.473,16.2,,0.243,False
66,DePaul,29,16,13,0.552,8.83,6.49,8.0,8.0,13,3,3,9,1949,1881,,,0.401,0.246,0.527,55.1,54.9,,3.8,0.484,18.8,,0.288,False
67,Detroit Mercy,30,18,12,0.6,5.87,-0.09,9.0,7.0,10,3,6,8,2128,1935,,,0.342,0.235,0.551,52.4,50.4,,5.0,0.521,15.5,,0.239,False
68,Drake,30,10,20,0.333,-4.29,1.46,5.0,13.0,6,7,3,11,2017,2106,,,0.416,0.312,0.561,51.2,58.2,,3.4,0.518,19.6,,0.308,False
69,Drexel,31,19,12,0.613,1.56,-1.45,12.0,6.0,7,4,11,6,2127,2020,,,0.334,0.326,0.516,49.6,60.7,,8.5,0.486,16.9,,0.225,False
70,Duke,33,26,7,0.788,19.86,8.37,11.0,5.0,15,0,3,6,2677,2298,,,0.453,0.339,0.556,51.0,49.5,,9.4,0.514,16.1,,0.323,True
71,Duquesne,30,9,21,0.3,-4.38,2.29,3.0,13.0,5,8,3,11,2001,2201,,,0.385,0.293,0.534,49.1,53.5,,6.4,0.498,23.2,,0.266,False
72,East Carolina,27,12,15,0.444,1.81,4.73,3.0,13.0,8,6,3,9,1760,1757,,,0.359,0.28,0.492,51.9,52.1,,6.5,0.453,16.3,,0.247,False
73,East Tennessee State,31,20,11,0.645,-0.9,-2.94,11.0,5.0,11,2,5,8,2543,2332,,,0.409,0.245,0.551,51.7,49.8,,8.1,0.508,19.5,,0.299,True
74,Eastern Illinois,29,14,15,0.483,-3.17,-1.92,9.0,7.0,10,2,4,12,2242,2269,,,0.326,0.285,0.537,49.2,58.8,,3.8,0.495,15.3,,0.251,False
75,Eastern Kentucky,28,11,17,0.393,-10.98,-5.03,5.0,11.0,8,6,3,11,2172,2185,,,0.358,0.287,0.537,49.1,55.6,,5.0,0.506,16.8,,0.244,False
76,Eastern Michigan,28,14,14,0.5,-3.84,-0.91,8.0,10.0,11,3,2,10,2210,2202,,,0.507,0.274,0.545,50.7,55.3,,5.2,0.513,17.5,,0.327,False
77,Eastern Washington,31,18,13,0.581,2.53,-0.8,9.0,5.0,9,2,7,9,2189,2073,,,0.45,0.256,0.563,50.5,61.9,,5.0,0.518,21.4,,0.33,False
78,Elon,27,12,15,0.444,-13.62,-7.97,8.0,6.0,6,6,6,9,1706,1835,,,0.352,0.249,0.5,51.9,49.6,,5.6,0.468,20.5,,0.232,False
79,Evansville,28,12,16,0.429,-0.71,2.97,8.0,10.0,9,5,3,10,1960,2063,,,0.451,0.302,0.582,50.4,65.8,,6.1,0.543,21.0,,0.329,False
80,Fairfield,31,19,12,0.613,-0.25,-1.06,13.0,5.0,8,7,9,4,2197,2172,,,0.462,0.244,0.533,52.1,53.3,,9.1,0.483,20.3,,0.334,False
81,FDU,29,15,14,0.517,-11.53,-9.91,9.0,9.0,10,2,4,11,2106,2153,,,0.325,0.415,0.541,45.0,55.2,,4.1,0.51,17.9,,0.229,False
82,Florida,33,25,8,0.758,18.55,7.76,12.0,4.0,15,1,8,3,2484,2128,,,0.33,0.396,0.578,50.8,61.4,,7.0,0.553,16.9,,0.232,True
83,Florida A&M,29,17,12,0.586,-10.58,-10.3,11.0,7.0,9,4,7,7,2073,2084,,,0.44,0.391,0.542,52.1,47.6,,3.4,0.507,20.9,,0.298,False
84,Florida Atlantic,28,7,21,0.25,-12.55,-4.18,3.0,13.0,4,6,1,15,1951,2151,,,0.29,0.306,0.48,47.6,48.5,,6.6,0.45,18.8,,0.193,False
85,Florida International,29,8,21,0.276,-5.26,-0.19,1.0,13.0,5,10,2,11,1755,1869,,,0.422,0.234,0.481,52.2,45.7,,4.4,0.448,20.3,,0.258,False
86,Florida State,29,14,15,0.483,9.0,7.75,4.0,12.0,12,5,1,9,1974,1930,,,0.315,0.336,0.517,48.4,56.3,,7.8,0.488,18.4,,0.212,False
87,Fordham,28,2,26,0.071,-9.47,4.03,1.0,15.0,1,13,1,13,1810,2188,,,0.331,0.366,0.497,46.1,52.3,,5.5,0.473,21.2,,0.205,False
88,Fresno State,28,20,8,0.714,5.29,0.44,13.0,5.0,14,1,6,7,2006,1870,,,0.327,0.319,0.537,54.1,57.0,,8.1,0.505,19.1,,0.231,False
89,Furman,31,14,17,0.452,-7.33,-3.15,8.0,8.0,10,5,3,10,2047,2053,,,0.317,0.294,0.509,52.6,54.7,,5.5,0.477,18.8,,0.219,False
90,Gardner-Webb,29,5,24,0.172,-11.04,-3.36,2.0,14.0,4,7,1,15,1964,2171,,,0.202,0.417,0.486,48.7,62.4,,5.1,0.462,19.4,,0.142,False
91,George Mason,28,16,12,0.571,2.27,-1.31,11.0,7.0,10,3,6,8,1794,1694,,,0.384,0.273,0.503,53.8,51.4,,4.2,0.465,19.8,,0.261,False
92,George Washington,29,12,17,0.414,2.82,3.34,5.0,11.0,7,4,5,10,2070,2085,,,0.485,0.321,0.534,52.1,55.7,,5.7,0.493,19.6,,0.327,False
93,Georgetown,34,19,15,0.559,12.86,6.27,6.0,10.0,11,6,6,7,2584,2360,,,0.424,0.232,0.522,51.3,59.2,,10.7,0.469,17.8,,0.315,False
94,Georgia,27,19,8,0.704,17.3,11.3,11.0,5.0,13,1,5,6,2138,1976,,,0.352,0.287,0.552,50.5,62.7,,7.2,0.519,13.9,,0.251,False
95,Georgia Southern,29,16,13,0.552,-7.77,-5.61,8.0,8.0,8,5,6,7,2226,2207,,,0.366,0.279,0.537,51.5,50.2,,6.0,0.513,18.3,,0.234,False
96,Georgia State,29,14,15,0.483,-6.1,-5.85,8.0,8.0,9,6,5,9,2145,2137,,,0.33,0.312,0.541,49.0,50.2,,8.3,0.51,17.6,,0.232,False
97,Georgia Tech,31,16,15,0.516,12.2,7.94,7.0,9.0,13,3,2,12,2297,2165,,,0.353,0.272,0.53,52.4,57.9,,9.0,0.498,17.8,,0.241,False
98,Gonzaga,33,24,9,0.727,12.26,3.8,12.0,2.0,11,2,9,3,2558,2279,,,0.446,0.345,0.573,54.1,60.3,,6.2,0.533,17.5,,0.323,True
99,Grambling,30,12,18,0.4,-17.04,-7.47,9.0,9.0,9,2,3,14,2188,2397,,,0.283,0.287,0.512,47.2,50.4,,6.4,0.482,18.7,,0.199,False
100,Green Bay,30,10,20,0.333,-3.31,0.69,4.0,12.0,9,6,0,13,2029,2159,,,0.419,0.252,0.524,53.5,49.8,,4.5,0.474,18.8,,0.308,False
101,Hampton,30,19,11,0.633,-7.85,-10.51,13.0,5.0,10,4,7,6,2144,2064,,,0.403,0.331,0.538,51.3,57.8,,6.8,0.507,21.0,,0.266,False
102,Hartford,29,16,13,0.552,-5.47,-5.5,10.0,6.0,11,2,4,9,1907,1856,,,0.357,0.266,0.499,52.3,51.7,,4.6,0.469,17.3,,0.228,False
103,Harvard,27,12,15,0.444,-5.8,-3.65,4.0,10.0,6,7,6,7,1929,1980,,,0.3,0.351,0.523,51.4,61.1,,4.2,0.495,19.8,,0.204,False
104,Hawaii,31,19,12,0.613,4.53,1.56,9.0,9.0,15,1,3,11,2180,2088,,,0.386,0.281,0.542,50.5,65.2,,5.6,0.509,18.4,,0.266,False
105,High Point,27,7,20,0.259,-15.76,-9.08,3.0,11.0,4,6,2,12,1850,2022,,,0.361,0.288,0.52,49.9,47.6,,3.6,0.492,19.7,,0.234,False
106,Hofstra,29,8,21,0.276,-8.57,-2.06,6.0,12.0,5,8,2,11,1859,2048,,,0.309,0.368,0.486,54.1,55.8,,5.0,0.466,21.9,,0.182,False
107,Holy Cross,31,26,5,0.839,5.26,-5.38,13.0,1.0,12,0,12,3,2180,1821,,,0.423,0.285,0.552,56.0,64.4,,8.7,0.514,17.8,,0.299,True
108,Houston,28,8,20,0.286,-3.03,4.94,6.0,10.0,6,7,2,11,1631,1854,,,0.29,0.348,0.485,50.9,50.7,,7.4,0.456,22.5,,0.191,False
109,Howard,30,13,17,0.433,-10.35,-10.72,9.0,9.0,5,6,5,10,2196,2185,,,0.369,0.288,0.52,49.4,42.9,,5.1,0.484,17.8,,0.254,False
110,Idaho,28,13,15,0.464,-4.16,-2.49,9.0,9.0,8,6,5,8,1759,1776,,,0.324,0.305,0.505,50.8,54.6,,5.5,0.469,18.0,,0.228,False
111,Idaho State,29,15,14,0.517,-3.25,-2.66,7.0,7.0,10,2,3,10,2064,2046,,,0.353,0.276,0.52,48.7,56.1,,6.2,0.494,18.0,,0.227,False
112,Illinois,32,25,7,0.781,19.83,6.76,11.0,5.0,15,0,4,6,2388,1970,,,0.336,0.355,0.574,52.1,66.9,,5.7,0.544,16.7,,0.244,True
113,Illinois State,29,8,21,0.276,-3.41,2.17,5.0,13.0,5,9,2,11,1873,2035,,,0.284,0.275,0.531,49.3,48.6,,4.7,0.503,19.6,,0.2,False
114,Illinois-Chicago,30,21,9,0.7,6.15,-0.11,12.0,4.0,11,2,9,6,2249,2062,,,0.378,0.263,0.541,53.0,58.5,,6.1,0.526,15.2,,0.223,False
115,Indiana,34,21,13,0.618,12.63,9.81,8.0,8.0,11,1,2,9,2376,2280,,,0.411,0.393,0.537,50.3,59.6,,8.8,0.494,15.1,,0.295,True
116,Indiana State,31,7,24,0.226,-6.96,2.37,2.0,16.0,5,9,0,12,1749,2038,,,0.278,0.265,0.472,46.3,59.0,,5.3,0.439,18.3,,0.19,False
117,Iona,29,17,12,0.586,-0.09,-3.59,11.0,7.0,10,2,4,8,2174,2073,,,0.418,0.275,0.551,50.0,62.9,,7.7,0.511,18.4,,0.299,False
118,Iowa,31,17,14,0.548,8.44,5.83,7.0,9.0,11,7,6,6,2141,2060,,,0.425,0.304,0.538,52.3,59.9,,7.1,0.495,19.1,,0.304,False
119,Iowa State,31,17,14,0.548,9.82,6.05,5.0,11.0,14,5,2,8,2187,2052,,,0.315,0.263,0.532,52.1,45.6,,9.9,0.504,16.6,,0.214,False
120,IU Indy,34,20,14,0.588,-2.43,-1.8,10.0,4.0,9,3,7,8,2423,2406,,,0.417,0.337,0.545,50.4,54.9,,3.3,0.507,19.7,,0.292,True
121,Jackson State,28,10,18,0.357,-11.97,-7.93,9.0,9.0,8,2,2,16,1972,2085,,,0.405,0.342,0.509,45.4,54.7,,4.5,0.47,18.9,,0.275,False
122,Jacksonville,29,13,16,0.448,-10.41,-6.12,8.0,8.0,9,3,3,9,1921,2011,,,0.352,0.286,0.513,49.4,50.4,,9.1,0.483,21.0,,0.232,False
123,Jacksonville State,30,20,10,0.667,-5.75,-7.23,10.0,6.0,10,1,7,7,2269,2145,70.5,106.4,0.357,0.35,0.549,49.8,60.0,14.7,7.7,0.522,18.0,35.9,0.241,False
124,James Madison,30,13,17,0.433,-4.76,-2.45,8.0,10.0,7,6,5,9,2017,2054,,,0.33,0.341,0.518,49.3,53.7,,8.7,0.488,18.8,,0.222,False
125,Kansas,38,30,8,0.789,25.0,10.53,14.0,2.0,15,1,7,2,3141,2541,,,0.379,0.228,0.556,55.2,55.2,,8.2,0.532,16.6,,0.248,True
126,Kansas City,29,9,20,0.31,-9.72,-2.35,7.0,7.0,4,8,4,8,1968,2182,,,0.313,0.459,0.513,45.9,51.5,,4.7,0.488,15.8,,0.204,False
127,Kansas State,30,13,17,0.433,10.14,7.38,4.0,12.0,11,5,1,9,2089,1985,,,0.369,0.28,0.531,52.0,60.3,,6.3,0.508,16.8,,0.232,False
128,Kent State,31,21,10,0.677,5.02,0.55,12.0,6.0,9,5,9,4,2381,2193,,,0.373,0.334,0.581,53.0,53.2,,3.7,0.553,16.4,,0.262,False
129,Kentucky,36,32,4,0.889,22.47,9.33,16.0,0.0,12,1,9,1,2782,2309,,,0.353,0.278,0.567,54.3,55.9,,8.8,0.538,17.0,,0.248,True
130,La Salle,29,12,17,0.414,0.06,3.16,5.0,11.0,9,6,3,10,1981,2071,,,0.405,0.334,0.503,48.8,50.5,,3.6,0.452,17.5,,0.296,False
131,Lafayette,29,13,16,0.448,-8.14,-5.22,6.0,8.0,9,5,3,10,1969,1976,,,0.332,0.372,0.549,49.0,57.8,,6.7,0.517,18.8,,0.236,False
132,Lamar,27,13,14,0.481,-9.22,-8.11,10.0,10.0,10,3,3,11,1771,1781,,,0.426,0.319,0.522,51.2,48.1,,8.1,0.483,22.0,,0.29,False
133,Lehigh,28,16,12,0.571,-6.59,-6.62,8.0,6.0,11,2,4,9,1829,1779,,,0.364,0.279,0.528,51.2,55.2,,5.8,0.486,18.7,,0.267,False
134,Liberty,29,14,15,0.483,-13.91,-10.35,8.0,6.0,11,5,3,10,1900,2016,,,0.467,0.35,0.514,50.0,53.9,,5.3,0.455,22.2,,0.345,False
135,Lipscomb,28,8,20,0.286,,,,,8,6,0,12,2158,2227,74.3,102.4,0.45,0.394,0.561,48.8,60.9,5.7,7.4,0.518,20.0,29.1,0.327,False
136,Little Rock,30,18,12,0.6,-0.94,-0.91,8.0,6.0,11,2,4,8,2125,2111,,,0.439,0.342,0.556,49.3,49.5,,4.6,0.521,20.7,,0.303,False
137,Long Beach State,27,5,22,0.185,-12.82,-0.78,4.0,14.0,5,8,0,14,1711,2013,,,0.402,0.349,0.532,47.5,55.8,,4.9,0.49,22.2,,0.286,False
138,Long Island University,28,9,19,0.321,-13.65,-7.72,7.0,11.0,3,7,6,11,2102,2268,,,0.33,0.304,0.515,52.6,51.9,,3.5,0.484,19.2,,0.223,False
139,Louisiana,30,20,10,0.667,7.92,1.24,12.0,3.0,10,1,8,7,2326,2085,,,0.376,0.354,0.554,50.8,53.9,,6.9,0.529,18.1,,0.248,False
140,Louisiana State,32,21,11,0.656,16.08,6.83,8.0,8.0,16,2,2,6,2326,2030,,,0.358,0.323,0.562,51.7,60.5,,7.4,0.542,17.7,,0.231,True
141,Louisiana Tech,27,12,15,0.444,-1.39,2.93,9.0,9.0,9,4,3,10,1855,1914,,,0.369,0.241,0.509,50.6,46.4,,6.1,0.471,17.5,,0.256,False
142,Louisiana-Monroe,28,12,16,0.429,-10.89,-6.66,10.0,10.0,7,5,5,11,2013,2122,,,0.399,0.246,0.487,50.6,49.2,,5.7,0.457,18.7,,0.246,False
143,Louisville,32,25,7,0.781,19.81,6.84,11.0,5.0,16,2,8,3,2612,2197,,,0.395,0.386,0.564,51.5,58.6,,8.3,0.532,15.5,,0.275,True
144,Loyola (IL),31,15,16,0.484,0.81,0.97,9.0,7.0,10,2,5,11,2309,2314,,,0.335,0.329,0.511,50.4,44.8,,6.9,0.471,16.1,,0.243,False
145,Loyola (MD),28,4,24,0.143,-16.71,-3.71,1.0,17.0,3,11,1,11,1653,2017,,,0.44,0.343,0.496,48.0,50.8,,4.6,0.448,22.7,,0.303,False
146,Loyola Marymount,31,11,20,0.355,-3.22,0.04,4.0,10.0,7,6,1,10,2182,2282,,,0.438,0.231,0.513,47.5,59.3,,7.6,0.465,18.8,,0.309,False
147,Maine,30,14,16,0.467,-4.37,-5.03,8.0,8.0,10,3,3,9,2205,2082,,,0.299,0.353,0.569,52.2,61.1,,9.1,0.553,21.9,,0.194,False
148,Manhattan,30,23,7,0.767,5.78,-1.99,14.0,4.0,7,2,12,3,2274,2041,,,0.411,0.277,0.55,49.1,54.0,,6.9,0.495,17.0,,0.324,True
149,Marist,29,13,16,0.448,-4.96,-2.17,8.0,10.0,6,7,5,7,2069,2150,,,0.331,0.356,0.521,47.4,57.3,,5.9,0.475,16.4,,0.258,False
150,Marquette,33,27,6,0.818,16.28,7.28,14.0,2.0,15,1,7,3,2589,2292,,,0.406,0.272,0.58,53.1,59.2,,6.0,0.536,16.4,,0.313,True
151,Marshall,29,14,15,0.483,-0.74,-0.63,9.0,9.0,11,3,3,10,2126,2095,,,0.392,0.323,0.576,48.8,56.2,,6.4,0.533,18.8,,0.301,False
152,Maryland,31,21,10,0.677,20.56,7.56,11.0,5.0,14,2,4,5,2472,2069,,,0.337,0.27,0.549,51.8,63.6,,10.6,0.517,16.1,,0.24,True
153,Maryland-Baltimore County,27,7,20,0.259,-14.74,-8.0,5.0,13.0,4,6,1,13,1703,1885,,,0.362,0.238,0.5,50.7,57.3,,4.9,0.465,20.4,,0.242,False
154,Maryland-Eastern Shore,28,5,23,0.179,-19.83,-11.25,5.0,13.0,3,9,2,13,1760,2000,,,0.29,0.415,0.493,47.0,48.2,,4.8,0.454,19.3,,0.213,False
155,Massachusetts,29,11,18,0.379,-1.98,3.52,6.0,10.0,8,7,2,9,1789,1929,,,0.343,0.362,0.512,47.5,63.3,,6.7,0.486,20.6,,0.219,False
156,McNeese State,29,15,14,0.517,-6.99,-5.44,10.0,10.0,10,3,5,11,2037,2009,,,0.352,0.35,0.539,51.2,53.7,,7.5,0.509,20.1,,0.24,False
157,Memphis,30,23,7,0.767,13.23,5.27,13.0,3.0,14,2,7,4,2232,1993,,,0.379,0.337,0.523,52.7,62.6,,8.7,0.493,16.2,,0.248,True
158,Mercer,29,23,6,0.793,-3.89,-9.03,14.0,2.0,11,1,11,4,2271,2104,,,0.406,0.304,0.562,54.5,61.5,,6.8,0.53,19.2,,0.281,False
159,Miami (FL),28,11,17,0.393,6.05,4.91,4.0,12.0,9,6,2,10,1956,1924,,,0.344,0.315,0.517,51.2,56.8,,7.8,0.478,19.7,,0.246,False
160,Miami (OH),28,13,15,0.464,1.83,2.87,11.0,7.0,9,4,4,10,1641,1643,,,0.372,0.409,0.522,48.7,55.4,,3.9,0.486,17.1,,0.258,False
161,Michigan,30,17,13,0.567,9.62,7.88,10.0,6.0,12,4,5,5,2070,2018,,,0.39,0.322,0.536,51.7,51.7,,6.3,0.491,18.0,,0.289,False
162,Michigan State,35,22,13,0.629,16.12,9.72,10.0,6.0,14,2,3,6,2367,2143,,,0.427,0.266,0.548,54.2,58.4,,6.8,0.502,18.9,,0.314,True
163,Middle Tennessee,30,16,14,0.533,1.0,0.93,9.0,5.0,9,5,4,9,2053,2030,,,0.349,0.337,0.554,52.4,48.4,,4.2,0.527,21.0,,0.239,False
164,Milwaukee,32,24,8,0.75,7.71,0.81,13.0,3.0,12,0,9,6,2466,2238,,,0.367,0.375,0.566,50.1,62.0,,6.5,0.537,17.9,,0.254,True
165,Minnesota,33,19,14,0.576,9.11,6.72,8.0,8.0,15,3,4,9,2428,2349,,,0.372,0.344,0.535,50.3,63.0,,10.1,0.499,18.0,,0.261,False
166,Mississippi,29,14,15,0.483,9.25,6.25,4.0,12.0,10,6,3,8,1933,1846,,,0.364,0.329,0.554,50.5,57.1,,4.0,0.518,18.5,,0.264,False
167,Mississippi State,31,21,10,0.677,17.65,8.01,9.0,7.0,13,2,4,6,2151,1852,,,0.316,0.295,0.544,54.5,55.2,,6.9,0.519,19.5,,0.213,True
168,Mississippi Valley State,29,15,14,0.517,-9.03,-10.47,13.0,5.0,8,5,7,7,2229,2170,,,0.25,0.425,0.509,49.2,56.6,,4.5,0.481,13.4,,0.177,False
169,Missouri,33,22,11,0.667,14.88,10.15,9.0,7.0,14,1,3,7,2389,2233,,,0.306,0.357,0.532,52.2,52.0,,7.3,0.508,16.9,,0.203,True
170,Missouri State,29,17,12,0.586,6.06,0.92,12.0,6.0,9,6,7,5,1931,1782,,,0.417,0.223,0.514,52.3,43.8,,11.3,0.476,17.2,,0.278,False
171,Monmouth,28,15,13,0.536,-8.55,-7.48,13.0,5.0,6,6,9,5,1848,1878,,,0.41,0.36,0.525,46.9,63.8,,4.7,0.487,19.2,,0.281,False
172,Montana,30,13,17,0.433,-2.64,-0.71,7.0,7.0,8,6,5,8,2070,2127,,,0.338,0.379,0.525,48.7,50.6,,7.6,0.491,17.3,,0.238,False
173,Montana State,27,11,16,0.407,-4.75,-2.27,5.0,9.0,7,6,3,9,1753,1768,,,0.377,0.353,0.542,47.6,58.2,,3.4,0.505,18.7,,0.266,False
174,Morehead State,29,20,9,0.69,0.15,-4.0,13.0,3.0,13,2,7,6,2355,2129,,,0.37,0.271,0.598,51.6,53.5,,4.0,0.564,16.5,,0.28,False
175,Morgan State,29,7,22,0.241,-20.8,-12.69,6.0,12.0,6,7,1,13,1977,2212,,,0.393,0.3,0.495,49.0,44.9,,3.6,0.459,18.7,,0.255,False
176,Morris Brown,28,8,20,0.286,-25.25,-10.21,,,5,5,2,14,1765,2101,,,0.405,0.32,0.486,48.3,44.7,,5.1,0.452,20.6,,0.255,False
177,Mount St. Mary's,27,11,16,0.407,-14.26,-8.11,6.0,12.0,7,4,3,12,1715,1881,,,0.357,0.367,0.487,46.9,54.2,,5.9,0.446,18.8,,0.249,False
178,Murray State,29,17,12,0.586,2.49,-2.8,9.0,7.0,12,2,5,9,2194,2002,,,0.311,0.348,0.551,54.4,59.2,,8.2,0.522,16.6,,0.221,False
179,Navy,28,8,20,0.286,-11.56,-5.21,4.0,10.0,7,8,1,11,1701,1822,,,0.364,0.34,0.498,50.4,57.6,,5.3,0.465,21.8,,0.237,False
180,NC State,31,18,13,0.581,11.76,7.57,9.0,7.0,14,3,3,7,2246,2116,,,0.383,0.42,0.574,49.8,60.4,,6.0,0.531,18.4,,0.295,True
181,Nebraska,30,11,19,0.367,3.46,9.21,3.0,13.0,9,6,0,11,1900,2054,,,0.347,0.292,0.473,49.4,48.8,,5.4,0.438,17.7,,0.226,False
182,Nevada,32,18,14,0.563,6.0,2.06,11.0,7.0,11,3,5,11,2432,2301,,,0.469,0.295,0.535,51.8,46.6,,6.7,0.487,15.6,,0.335,False
183,Nevada-Las Vegas,32,21,11,0.656,9.01,4.67,8.0,6.0,15,6,6,5,2411,2272,,,0.419,0.288,0.559,49.1,54.4,,5.9,0.523,17.9,,0.296,False
184,New Hampshire,28,5,23,0.179,-17.07,-5.14,3.0,13.0,2,9,3,13,1834,2168,,,0.44,0.396,0.495,47.4,52.5,,2.6,0.463,19.7,,0.272,False
185,New Mexico,28,10,18,0.357,-0.49,4.06,4.0,10.0,10,7,0,10,1986,2051,,,0.391,0.393,0.537,48.0,51.4,,4.8,0.494,15.2,,0.286,False
186,New Mexico State,29,20,9,0.69,4.69,-0.91,9.0,6.0,12,2,6,6,2136,1956,,,0.37,0.291,0.542,50.5,48.2,,6.9,0.501,16.6,,0.272,False
187,New Orleans,29,15,14,0.517,-0.22,0.28,7.0,8.0,13,1,1,12,2049,2009,,,0.417,0.248,0.531,53.1,50.9,,6.8,0.494,19.9,,0.283,False
188,Niagara,29,17,12,0.586,-2.47,-2.23,12.0,6.0,8,4,7,7,2163,2170,,,0.452,0.272,0.546,52.1,54.6,,5.5,0.508,17.6,,0.309,False
189,Nicholls State,28,3,25,0.107,-21.85,-5.51,1.0,19.0,2,9,1,16,1508,1933,,,0.324,0.321,0.475,46.8,52.0,,1.5,0.441,23.7,,0.215,False
190,Norfolk State,29,14,15,0.483,-13.83,-11.83,10.0,8.0,8,4,4,10,1826,1884,,,0.417,0.28,0.501,50.0,43.7,,7.6,0.466,21.4,,0.27,False
191,North Carolina,35,19,16,0.543,11.22,10.31,6.0,10.0,14,5,3,9,2524,2492,,,0.318,0.399,0.532,47.0,61.7,,7.8,0.507,18.0,,0.21,False
192,North Carolina A&T,27,1,26,0.037,-27.96,-8.15,1.0,17.0,0,9,1,15,1654,2171,,,0.32,0.322,0.471,45.1,41.3,,2.4,0.449,20.7,,0.188,False
193,North Texas,28,7,21,0.25,-7.25,3.09,2.0,13.0,3,8,3,12,1965,2179,,,0.371,0.294,0.513,49.0,51.9,,6.8,0.473,20.3,,0.26,False
194,Northeastern,31,16,15,0.516,-5.09,-4.81,8.0,8.0,9,3,4,10,2290,2204,,,0.319,0.353,0.515,50.1,52.4,,5.4,0.484,17.6,,0.219,False
195,Northern Arizona,28,15,13,0.536,-3.63,-3.25,6.0,8.0,10,3,4,9,2038,2010,,,0.328,0.364,0.548,50.7,58.9,,5.3,0.529,20.0,,0.209,False
196,Northern Illinois,31,17,14,0.548,0.92,1.11,11.0,7.0,7,7,8,6,2158,2164,,,0.422,0.309,0.546,53.3,52.1,,6.8,0.518,21.1,,0.275,False
197,Northern Iowa,28,11,17,0.393,-2.09,1.47,7.0,11.0,8,4,3,12,1830,1895,,,0.329,0.397,0.55,48.1,61.3,,3.3,0.524,18.4,,0.224,False
198,Northwestern,29,12,17,0.414,2.36,5.43,3.0,13.0,11,8,1,9,1816,1905,,,0.364,0.434,0.532,46.0,68.8,,5.3,0.497,17.9,,0.254,False
199,Northwestern State,27,6,21,0.222,-15.46,-6.76,6.0,14.0,3,9,3,12,1682,1917,72.2,85.8,0.399,0.217,0.461,49.3,48.8,11.0,10.2,0.423,21.6,35.5,0.252,False
200,Notre Dame,34,24,10,0.706,17.32,9.43,10.0,6.0,14,2,4,5,2692,2424,,,0.368,0.358,0.558,49.8,60.9,,8.5,0.515,15.6,,0.28,True
201,Oakland,28,17,11,0.607,-2.4,-5.05,10.0,4.0,12,3,4,7,2207,2084,,,0.445,0.325,0.552,51.9,51.2,,5.7,0.515,16.5,,0.306,False
202,Ohio,30,14,16,0.467,-0.96,2.41,8.0,10.0,8,4,5,10,2139,2240,,,0.47,0.323,0.55,48.8,59.0,,4.3,0.513,19.0,,0.321,False
203,Ohio State,32,17,15,0.531,8.03,8.49,7.0,9.0,11,5,3,7,2055,2070,,,0.447,0.271,0.508,51.7,53.9,,3.7,0.457,17.9,,0.317,False
204,Oklahoma,34,27,7,0.794,18.86,8.53,12.0,4.0,15,1,5,3,2392,2041,,,0.329,0.334,0.541,53.3,56.5,,6.8,0.512,15.7,,0.228,True
205,Oklahoma State,32,22,10,0.688,14.62,8.46,10.0,6.0,13,2,6,5,2224,2004,,,0.403,0.278,0.523,50.8,51.0,,9.6,0.492,18.2,,0.262,True
206,Old Dominion,27,12,15,0.444,-0.16,-2.2,9.0,9.0,8,6,4,8,1799,1744,,,0.353,0.318,0.494,52.7,61.2,,5.3,0.453,16.5,,0.248,False
207,Oral Roberts,28,18,10,0.643,0.12,-5.73,9.0,5.0,12,1,5,7,2169,1965,,,0.443,0.36,0.562,51.7,61.1,,7.9,0.514,17.2,,0.333,False
208,Oregon,33,23,10,0.697,14.05,6.11,10.0,8.0,14,2,5,6,2689,2427,,,0.336,0.369,0.569,49.4,60.7,,4.5,0.529,17.6,,0.26,True
209,Oregon State,28,13,15,0.464,3.86,5.86,6.0,12.0,7,7,6,7,1903,1914,,,0.397,0.263,0.502,50.0,56.9,,5.8,0.46,16.8,,0.273,False
210,Pacific,28,12,16,0.429,-1.02,-0.95,7.0,11.0,9,5,3,10,1846,1848,,,0.306,0.369,0.509,48.5,50.3,,5.1,0.474,17.2,,0.217,False
211,Penn State,28,7,21,0.25,-2.08,7.71,2.0,14.0,7,9,0,11,1766,2040,,,0.274,0.33,0.492,47.5,50.2,,7.1,0.455,19.9,,0.201,False
212,Pennsylvania,28,22,6,0.786,8.44,-1.45,14.0,0.0,11,2,10,3,1958,1681,,,0.365,0.425,0.583,51.8,62.6,,4.1,0.554,18.0,,0.259,True
213,Pepperdine,28,15,13,0.536,0.86,1.79,7.0,7.0,6,6,6,6,2195,2204,,,0.292,0.327,0.555,47.5,47.0,,5.2,0.526,15.5,,0.211,False
214,Pittsburgh,33,28,5,0.848,21.49,5.79,13.0,3.0,16,0,7,4,2473,1955,,,0.424,0.324,0.583,55.0,66.0,,7.7,0.565,18.6,,0.271,True
215,Portland,28,11,17,0.393,-4.56,1.07,4.0,10.0,6,7,5,9,1896,2020,,,0.403,0.39,0.522,42.7,63.2,,5.1,0.474,18.0,,0.295,False
216,Portland State,27,5,22,0.185,-9.32,-0.28,3.0,11.0,5,8,0,13,1576,1789,,,0.393,0.295,0.494,50.0,53.9,,5.2,0.455,23.3,,0.263,False
217,Prairie View,29,17,12,0.586,-9.49,-8.42,14.0,4.0,10,2,7,9,2042,2073,,,0.413,0.28,0.524,49.7,48.0,,2.5,0.482,17.9,,0.288,False
218,Princeton,27,16,11,0.593,0.29,-2.6,10.0,4.0,7,4,7,7,1795,1677,,,0.323,0.454,0.577,49.0,64.4,,3.5,0.554,17.0,,0.223,False
219,Providence,32,18,14,0.563,11.64,7.83,8.0,8.0,13,5,4,8,2284,2162,,,0.348,0.338,0.536,49.6,59.8,,9.7,0.489,17.8,,0.271,False
220,Purdue,30,19,11,0.633,15.95,9.42,10.0,6.0,14,1,3,6,2156,1960,,,0.462,0.285,0.54,49.6,50.3,,7.5,0.484,17.1,,0.347,True
221,Purdue Fort Wayne,30,9,21,0.3,-10.93,-2.26,,,6,4,3,15,2055,2297,71.1,95.2,0.383,0.373,0.526,46.9,57.8,11.5,7.1,0.487,19.7,27.1,0.271,False
222,Quinnipiac,29,17,12,0.586,-7.88,-8.56,10.0,8.0,8,4,7,8,2139,2096,,,0.375,0.316,0.54,49.4,62.9,,4.6,0.508,18.7,,0.256,False
223,Radford,30,10,20,0.333,-19.2,-9.24,6.0,8.0,6,5,4,14,1893,2202,,,0.363,0.324,0.466,46.5,43.3,,5.8,0.424,17.5,,0.244,False
224,Rhode Island,31,19,12,0.613,3.51,3.35,9.0,7.0,13,5,6,7,2163,2158,,,0.386,0.296,0.482,50.5,54.6,,4.3,0.442,15.7,,0.257,False
225,Rice,29,19,10,0.655,3.29,0.89,11.0,7.0,13,2,6,7,2159,2019,,,0.389,0.292,0.565,50.7,61.2,,5.9,0.526,20.0,,0.287,False
226,Richmond,29,15,14,0.517,6.19,3.5,9.0,7.0,10,5,5,7,1889,1811,,,0.34,0.355,0.508,48.3,57.2,,7.5,0.471,15.9,,0.239,False
227,Rider,28,12,16,0.429,-5.2,-3.6,7.0,11.0,8,6,4,9,1875,1920,,,0.296,0.403,0.515,48.0,55.5,,6.2,0.479,17.0,,0.217,False
228,Robert Morris,27,10,17,0.37,-13.04,-9.2,7.0,11.0,6,5,4,12,1912,1997,,,0.339,0.357,0.564,47.7,46.4,,3.7,0.533,17.8,,0.245,False
229,Rutgers,28,12,16,0.429,5.09,6.45,4.0,12.0,10,6,2,10,1894,1932,,,0.321,0.328,0.482,48.4,51.9,,9.8,0.45,16.3,,0.211,False
230,Sacramento State,29,12,17,0.414,-10.02,-1.84,5.0,9.0,6,6,6,11,1894,2088,,,0.377,0.335,0.498,46.8,56.8,,5.5,0.461,20.2,,0.254,False
231,Sacred Heart,29,8,21,0.276,-15.73,-7.26,6.0,12.0,4,8,4,11,2007,2231,,,0.238,0.289,0.492,46.6,51.8,,3.8,0.463,18.3,,0.167,False
232,Saint Francis (PA),28,14,14,0.5,-9.9,-8.37,10.0,8.0,9,4,5,9,1912,1955,,,0.355,0.306,0.523,47.3,55.4,,4.1,0.49,19.2,,0.242,False
233,Saint Joseph's,30,23,7,0.767,14.61,3.71,12.0,4.0,11,1,9,5,2111,1784,,,0.376,0.402,0.547,49.9,57.5,,14.6,0.516,16.7,,0.258,True
234,Saint Louis,30,16,14,0.533,6.84,6.88,9.0,7.0,11,5,4,8,1821,1822,,,0.345,0.326,0.515,47.4,56.0,,5.0,0.486,15.6,,0.226,False
235,Saint Mary's (CA),30,15,15,0.5,1.94,0.84,6.0,8.0,9,6,3,8,2001,1924,,,0.488,0.294,0.548,51.4,52.3,,6.9,0.504,21.7,,0.344,False
236,Saint Peter's,29,10,19,0.345,-7.52,-2.97,6.0,12.0,6,6,3,9,2132,2264,,,0.279,0.316,0.505,48.2,47.6,,6.7,0.473,17.0,,0.198,False
237,Sam Houston,30,23,7,0.767,-1.65,-6.86,17.0,3.0,16,0,7,5,2185,1951,,,0.424,0.331,0.556,51.3,66.8,,10.1,0.518,19.5,,0.299,True
238,Samford,28,13,15,0.464,-5.67,-3.86,9.0,7.0,9,3,4,11,1793,1833,,,0.309,0.522,0.597,49.0,72.8,,2.9,0.57,21.9,,0.228,False
239,San Diego,30,18,12,0.6,5.47,2.74,10.0,4.0,9,5,9,6,2265,2143,,,0.485,0.341,0.566,53.5,64.8,,5.6,0.535,21.1,,0.323,True
240,San Diego State,30,16,14,0.533,5.11,4.14,6.0,8.0,11,6,5,8,2145,2087,,,0.349,0.31,0.542,53.8,55.4,,5.3,0.514,18.6,,0.237,False
241,San Francisco,29,15,14,0.517,2.07,1.43,9.0,5.0,9,5,5,9,2018,1986,,,0.312,0.33,0.558,49.6,55.7,,3.4,0.528,18.0,,0.225,False
242,San Jose State,28,7,21,0.25,-8.81,0.23,4.0,14.0,5,8,2,12,1841,2033,,,0.327,0.216,0.486,48.2,53.6,,2.0,0.46,17.3,,0.203,False
243,Santa Clara,28,13,15,0.464,-4.59,-0.11,4.0,10.0,8,7,5,7,1827,1925,,,0.371,0.326,0.513,52.8,54.0,,3.4,0.478,19.3,,0.251,False
244,Savannah State,27,3,24,0.111,-25.57,-7.48,,,2,8,1,16,1661,2123,,,0.285,0.258,0.433,46.6,42.5,,6.0,0.406,21.5,,0.171,False
245,Seton Hall,30,17,13,0.567,9.66,8.2,10.0,6.0,13,3,3,8,2029,1985,,,0.36,0.263,0.512,51.0,54.2,,6.1,0.474,18.4,,0.249,False
246,Siena,32,21,11,0.656,2.69,-1.78,12.0,6.0,11,6,8,4,2395,2252,,,0.439,0.291,0.532,54.3,56.6,,6.2,0.485,18.3,,0.314,False
247,South Alabama,28,14,14,0.5,0.52,2.16,7.0,8.0,11,3,3,10,2044,1999,,,0.316,0.371,0.54,46.4,49.5,,2.1,0.511,16.1,,0.221,False
248,South Carolina,28,12,16,0.429,7.39,8.97,5.0,11.0,11,4,1,11,1839,1883,,,0.325,0.306,0.5,47.5,57.8,,6.1,0.467,16.9,,0.222,False
249,South Carolina State,31,20,11,0.645,-9.2,-10.14,15.0,3.0,8,2,9,7,2238,2209,,,0.465,0.288,0.545,51.0,41.3,,5.0,0.502,22.7,,0.325,True
250,South Florida,29,15,14,0.517,4.2,4.52,7.0,9.0,13,2,1,11,2001,1971,,,0.319,0.311,0.512,49.8,62.4,,7.8,0.488,18.4,,0.203,False
251,Southeast Missouri State,30,11,19,0.367,-8.36,-3.18,5.0,11.0,7,6,3,12,2149,2253,,,0.289,0.308,0.55,49.5,68.1,,3.7,0.519,17.2,,0.212,False
252,Southeastern Louisiana,27,11,16,0.407,-10.77,-5.41,9.0,11.0,8,5,3,11,1775,1839,,,0.357,0.373,0.499,47.9,55.4,,3.1,0.463,17.3,,0.242,False
253,Southern,29,9,20,0.31,-17.5,-13.2,5.0,13.0,8,9,1,11,1967,2060,,,0.281,0.291,0.48,48.8,53.5,,7.1,0.456,18.3,,0.176,False
254,Southern California,30,13,17,0.433,7.25,7.29,6.0,12.0,8,6,3,9,2295,2297,,,0.324,0.289,0.5,50.3,49.6,,5.9,0.464,16.3,,0.227,False
255,Southern Illinois,31,24,7,0.774,8.56,2.37,16.0,2.0,14,0,8,5,2307,2115,,,0.335,0.274,0.553,49.1,50.8,,5.8,0.523,15.7,,0.234,True
256,Southern Methodist,30,17,13,0.567,1.77,1.77,11.0,7.0,10,3,5,9,2185,2185,,,0.422,0.313,0.526,50.5,51.6,,8.3,0.482,18.6,,0.3,False
257,Southern Mississippi,29,13,16,0.448,0.61,3.85,5.0,11.0,11,4,0,11,1939,2033,,,0.419,0.25,0.493,51.1,56.4,,5.9,0.447,18.5,,0.288,False
258,Southern Utah,28,11,17,0.393,-9.4,-3.6,5.0,9.0,8,5,2,11,1899,1978,,,0.36,0.309,0.567,47.1,56.5,,5.9,0.538,20.3,,0.253,False
259,St. Bonaventure,27,13,14,0.481,5.75,4.38,7.0,9.0,7,4,4,9,2146,2109,,,0.274,0.411,0.535,46.6,55.4,,4.0,0.501,14.3,,0.208,False
260,St. Francis (NY),30,14,16,0.467,-8.82,-8.82,9.0,9.0,9,3,2,13,2281,2281,,,0.412,0.366,0.558,49.7,59.4,,6.8,0.525,20.6,,0.286,False
261,St. John's (NY),34,21,13,0.618,9.71,7.36,7.0,9.0,12,7,6,5,2418,2338,,,0.356,0.293,0.487,51.1,45.6,,8.3,0.45,14.9,,0.238,False
262,Stanford,33,24,9,0.727,13.25,8.37,14.0,4.0,14,3,7,3,2391,2230,,,0.351,0.337,0.532,53.6,56.6,,6.1,0.502,17.3,,0.238,True
263,Stephen F. Austin,29,21,8,0.724,-1.24,-7.98,16.0,4.0,15,1,6,7,2099,1823,,,0.407,0.248,0.573,49.5,48.6,,4.4,0.538,17.6,,0.293,False
264,Stetson,27,7,20,0.259,-14.28,-4.84,4.0,12.0,4,7,1,12,1856,2107,,,0.318,0.277,0.485,47.0,45.4,,3.3,0.44,16.6,,0.238,False
265,Stony Brook,28,13,15,0.464,-9.08,-5.89,7.0,9.0,10,5,3,9,1855,1848,,,0.41,0.255,0.526,50.1,57.1,,4.1,0.487,19.9,,0.282,False
266,Syracuse,35,30,5,0.857,19.02,9.02,13.0,3.0,17,0,6,3,2785,2435,,,0.376,0.252,0.551,51.7,51.3,,11.0,0.519,16.3,,0.26,True
267,TCU,28,9,19,0.321,0.44,4.22,3.0,13.0,7,7,2,12,2146,2252,,,0.426,0.359,0.523,49.7,55.5,,3.4,0.483,17.4,,0.291,False
268,Temple,34,18,16,0.529,7.16,6.66,10.0,6.0,9,5,6,10,2264,2247,,,0.275,0.415,0.496,49.2,43.2,,7.1,0.469,12.8,,0.183,False
269,Tennessee,29,17,12,0.586,9.88,7.88,9.0,7.0,12,5,5,6,1980,1922,,,0.375,0.322,0.55,53.7,65.3,,6.3,0.512,19.7,,0.271,False
270,Tennessee State,27,2,25,0.074,-23.92,-3.51,0.0,16.0,1,11,1,14,1977,2470,,,0.315,0.334,0.513,44.3,50.9,,6.1,0.484,19.7,,0.21,False
271,Tennessee Tech,32,20,12,0.625,0.77,-2.96,11.0,5.0,13,1,5,9,2422,2198,,,0.458,0.269,0.571,54.5,63.5,,6.0,0.53,20.8,,0.33,False
272,Tennessee-Martin,28,14,14,0.5,-8.03,-2.77,7.0,9.0,9,4,5,10,2143,2135,,,0.322,0.372,0.555,46.8,60.5,,5.0,0.53,18.1,,0.219,False
273,Texas,33,26,7,0.788,18.91,9.28,13.0,3.0,14,0,5,4,2618,2300,,,0.398,0.268,0.536,54.5,52.2,,6.2,0.493,15.0,,0.287,True
274,Texas A&M,28,14,14,0.5,5.98,7.23,6.0,10.0,10,4,2,8,2015,2050,,,0.356,0.328,0.521,48.0,63.3,,3.5,0.487,17.7,,0.246,False
275,Texas A&M-Corpus Christi,29,14,15,0.483,-9.94,-5.25,,,9,4,4,11,2204,2247,,,0.414,0.223,0.53,50.3,50.4,,3.7,0.483,19.1,,0.302,False
276,Texas Southern,31,18,13,0.581,-9.56,-11.21,11.0,7.0,11,3,4,8,2268,2217,,,0.509,0.334,0.531,52.3,57.3,,3.6,0.503,18.1,,0.311,True
277,Texas State,29,17,12,0.586,-4.44,-7.59,11.0,9.0,13,2,4,10,2105,1953,,,0.418,0.41,0.555,50.2,59.7,,6.0,0.519,19.9,,0.294,False
278,Texas Tech,35,22,13,0.629,14.81,8.29,6.0,10.0,13,4,6,7,2543,2315,,,0.341,0.171,0.523,49.4,57.7,,4.2,0.495,14.2,,0.226,False
279,Texas-Rio Grande Valley,30,10,20,0.333,-14.75,-6.67,,,8,3,2,10,1979,2022,,,0.373,0.302,0.489,50.3,55.5,,2.1,0.464,18.4,,0.223,False
280,The Citadel,28,8,20,0.286,-12.19,-3.9,3.0,13.0,7,8,1,11,1858,1933,,,0.358,0.367,0.501,47.6,60.6,,6.2,0.468,18.7,,0.237,False
281,Toledo,29,13,16,0.448,1.96,1.96,7.0,11.0,8,4,4,10,2034,2043,,,0.341,0.404,0.552,49.8,53.6,,5.5,0.528,20.2,,0.227,False
282,Towson,28,4,24,0.143,-18.74,-3.56,1.0,17.0,3,9,1,13,1591,2016,,,0.298,0.25,0.497,47.7,66.0,,8.5,0.462,26.3,,0.212,False
283,Troy,32,26,6,0.813,2.86,-4.8,14.0,2.0,10,1,12,3,2556,2262,,,0.286,0.433,0.532,50.9,54.2,,8.6,0.506,15.3,,0.197,True
284,Tulane,31,16,15,0.516,6.01,2.84,8.0,8.0,13,3,2,10,2205,2094,,,0.321,0.279,0.542,50.0,59.2,,5.7,0.518,18.1,,0.213,False
285,Tulsa,33,23,10,0.697,10.41,2.29,12.0,6.0,14,3,6,6,2423,2155,,,0.329,0.314,0.556,51.3,55.6,,8.2,0.523,17.7,,0.24,True
286,UAB,34,21,13,0.618,7.61,3.89,8.0,8.0,12,4,4,9,2640,2477,,,0.325,0.305,0.525,46.4,52.6,,5.2,0.495,16.4,,0.222,False
287,UC Irvine,29,20,9,0.69,2.07,-1.65,13.0,5.0,11,2,8,5,2029,1857,,,0.408,0.29,0.546,52.4,50.3,,5.4,0.502,18.4,,0.299,False
288,UC Riverside,24,6,18,0.25,-9.34,-0.26,5.0,13.0,4,7,2,11,1575,1770,,,0.369,0.336,0.527,48.5,53.6,,2.7,0.485,21.4,,0.267,False
289,UC Santa Barbara,32,18,14,0.563,3.1,-1.12,14.0,4.0,10,2,6,7,2066,1931,,,0.39,0.37,0.554,49.4,59.3,,1.9,0.512,17.6,,0.289,False
290,UCF,32,21,11,0.656,0.07,-5.84,11.0,5.0,9,4,8,6,2292,2104,,,0.365,0.322,0.546,54.0,55.6,,5.9,0.507,19.3,,0.266,False
291,UCLA,29,10,19,0.345,6.33,9.75,6.0,12.0,5,10,4,7,2181,2280,72.9,101.4,0.33,0.256,0.538,50.3,52.6,7.5,5.2,0.507,18.7,33.6,0.23,False
292,UNC Asheville,32,15,17,0.469,-13.19,-5.6,7.0,7.0,10,2,2,14,2320,2514,,,0.36,0.317,0.536,49.0,53.7,,5.0,0.491,19.2,,0.274,True
293,UNC Greensboro,29,7,22,0.241,-8.6,-2.78,3.0,13.0,6,8,1,13,2042,2193,,,0.273,0.306,0.529,47.8,53.8,,5.9,0.499,19.7,,0.197,False
294,UNC Wilmington,31,24,7,0.774,8.52,-2.8,15.0,3.0,11,1,10,5,2214,1863,,,0.327,0.333,0.548,48.5,56.9,,3.6,0.52,14.8,,0.227,True
295,UT Arlington,29,16,13,0.552,-6.13,-6.17,13.0,7.0,9,4,6,9,1859,1819,,,0.367,0.187,0.506,53.6,59.2,,5.4,0.471,19.6,,0.248,False
296,Utah,33,25,8,0.758,11.0,5.25,11.0,3.0,15,1,7,4,2191,1991,,,0.369,0.369,0.555,51.9,56.4,,7.6,0.521,17.8,,0.263,True
297,Utah State,33,24,9,0.727,4.16,-1.43,12.0,6.0,12,2,7,6,2197,1979,,,0.377,0.264,0.539,55.6,58.9,,4.1,0.501,16.6,,0.269,True
298,UTEP,30,6,24,0.2,-10.72,0.04,3.0,15.0,5,12,0,12,1892,2195,,,0.348,0.294,0.523,50.0,53.4,,6.7,0.493,22.6,,0.235,False
299,UTSA,27,10,17,0.37,-11.18,-5.3,7.0,13.0,5,7,4,10,1801,1940,,,0.432,0.376,0.517,47.6,55.7,,4.1,0.47,20.5,,0.306,False
300,Valparaiso,31,20,11,0.645,3.83,-1.14,12.0,2.0,12,1,6,8,2194,2040,,,0.446,0.3,0.548,52.7,68.5,,7.2,0.518,19.0,,0.292,False
301,Vanderbilt,29,11,18,0.379,6.15,9.36,3.0,13.0,10,6,0,11,1998,2091,,,0.336,0.336,0.525,48.1,57.6,,6.8,0.492,19.6,,0.234,False
302,Vermont,33,21,12,0.636,-1.32,-4.85,11.0,5.0,11,1,7,8,2275,2111,,,0.342,0.278,0.523,55.2,57.1,,5.5,0.494,18.1,,0.228,True
303,Villanova,31,15,16,0.484,9.11,7.57,8.0,8.0,9,4,4,8,2225,2177,,,0.38,0.322,0.519,52.6,53.0,,6.2,0.477,18.9,,0.271,False
304,Virginia,32,16,16,0.5,7.51,8.64,6.0,10.0,12,3,2,11,2366,2387,,,0.353,0.343,0.541,51.8,54.5,,7.1,0.515,19.4,,0.232,False
305,Virginia Commonwealth,28,18,10,0.643,2.78,-3.29,12.0,6.0,13,4,5,6,2073,1903,,,0.331,0.293,0.536,50.3,45.4,,8.2,0.503,16.8,,0.234,False
306,VMI,30,10,20,0.333,-13.36,-4.29,3.0,13.0,5,7,2,11,1952,2147,,,0.311,0.305,0.488,48.6,61.5,,6.5,0.461,18.5,,0.199,False
307,Virginia Tech,29,11,18,0.379,2.3,5.34,4.0,12.0,8,7,1,10,2036,2124,,,0.374,0.302,0.51,50.8,52.1,,7.4,0.477,17.6,,0.249,False
308,Wagner,32,21,11,0.656,-3.32,-6.48,14.0,4.0,14,1,7,9,2403,2302,,,0.335,0.32,0.563,51.5,59.4,,4.9,0.531,18.4,,0.243,True
309,Wake Forest,31,25,6,0.806,16.96,6.96,13.0,3.0,17,0,7,4,2412,2102,,,0.457,0.315,0.557,56.5,54.8,,7.7,0.506,18.0,,0.344,True
310,Washington,27,10,17,0.37,4.65,7.28,5.0,13.0,8,7,2,10,1955,2026,,,0.35,0.258,0.51,47.9,51.3,,5.0,0.478,18.1,,0.232,False
311,Washington State,27,7,20,0.259,-1.45,6.73,2.0,16.0,6,8,0,12,1906,2127,,,0.295,0.39,0.508,48.2,56.2,,5.1,0.475,18.8,,0.208,False
312,Weber State,32,26,6,0.813,4.56,-2.01,14.0,0.0,13,0,9,4,2385,2164,,,0.477,0.337,0.569,51.5,56.9,,1.4,0.523,16.1,,0.349,True
313,West Virginia,29,14,15,0.483,4.08,6.84,5.0,11.0,9,5,2,9,1937,2017,,,0.31,0.376,0.535,44.2,61.4,,6.2,0.515,17.5,,0.199,False
314,Western Carolina,28,9,19,0.321,-11.8,-4.38,6.0,10.0,7,6,2,12,2044,2108,,,0.355,0.341,0.533,49.5,51.4,,7.2,0.489,19.1,,0.268,False
315,Western Illinois,28,7,21,0.25,-14.01,-2.97,3.0,11.0,5,6,2,13,1882,2123,,,0.324,0.346,0.524,48.4,66.3,,3.9,0.497,19.5,,0.217,False
316,Western Kentucky,33,24,9,0.727,7.71,1.4,12.0,2.0,16,0,5,7,2430,2194,,,0.371,0.372,0.554,52.1,55.0,,6.5,0.529,18.5,,0.245,True
317,Western Michigan,31,20,11,0.645,6.67,0.76,10.0,8.0,12,2,7,7,2151,1968,,,0.385,0.308,0.517,51.5,51.9,,5.3,0.478,16.8,,0.266,False
318,Wichita State,30,18,12,0.6,2.39,0.99,12.0,6.0,12,4,5,7,2157,2115,,,0.394,0.339,0.56,53.0,62.0,,3.6,0.522,19.6,,0.287,False
319,William & Mary,28,12,16,0.429,-9.32,-5.07,7.0,11.0,7,7,5,8,1799,1918,,,0.325,0.352,0.509,50.8,58.8,,4.4,0.475,16.5,,0.225,False
320,Winthrop,30,20,10,0.667,-7.74,-10.58,11.0,3.0,11,3,9,4,2104,1942,,,0.398,0.354,0.521,51.1,52.2,,9.4,0.491,17.8,,0.257,False
321,Wisconsin,32,24,8,0.75,17.48,6.51,12.0,4.0,16,1,6,5,2250,1899,,,0.359,0.327,0.558,51.5,53.0,,5.3,0.521,14.2,,0.263,True
322,Wofford,29,14,15,0.483,-4.99,-1.83,8.0,8.0,8,4,5,10,2209,2142,,,0.292,0.373,0.552,48.4,57.2,,5.8,0.528,17.5,,0.201,False
323,Wright State,28,10,18,0.357,-4.7,0.49,4.0,12.0,10,5,0,12,1907,2026,,,0.365,0.343,0.527,45.7,51.3,,4.6,0.49,16.0,,0.257,False
324,Wyoming,32,21,11,0.656,5.76,3.5,8.0,6.0,13,3,6,6,2343,2265,,,0.53,0.266,0.549,53.4,55.5,,5.2,0.501,17.1,,0.372,False
325,Xavier,32,26,6,0.813,16.08,4.62,15.0,1.0,14,1,10,2,2482,2115,,,0.407,0.301,0.548,53.8,61.5,,4.9,0.502,15.2,,0.304,True
326,Yale,27,14,13,0.519,-1.06,-2.45,8.0,6.0,5,4,6,9,1872,1785,,,0.353,0.347,0.552,50.5,62.2,,4.1,0.515,19.9,,0.26,False
327,Youngstown State,29,9,20,0.31,-8.76,-0.76,4.0,12.0,8,5,1,14,1813,1993,,,0.375,0.215,0.489,50.7,56.0,,5.7,0.453,20.2,,0.246,False
